LSOA11CD,LSOA11NM,sumarea,agvarea,count,Green_rate, Per_capita_green_area,Theft,Violence_Against_the_Person,sum
E01000119,Barnet 009C,33233.7987,16616.89935,2,0.082976892,19.78202304,5,17,73
E01000120,Barnet 009D,28863.6334,14431.8167,2,0.118795055,19.19124561,9,5,69
E01000122,Barnet 009E,11581.5817,2895.395425,4,0.049174826,7.87327104,2,10,45
E01000135,Barnet 038A,55922.593,27961.2965,2,0.167579755,35.75613363,9,23,111
E01000136,Barnet 038B,154020.489,22002.927,7,0.296091714,100.5355672,13,13,85
E01000172,Barnet 003D,30152.328,10050.776,3,0.055270586,17.97992129,4,21,68
E01000177,Barnet 029A,4118.0273,2059.01365,2,0.024508394,2.529500799,4,8,56
E01000178,Barnet 027B,123382.1194,41127.37313,3,0.293913448,68.89007225,14,15,88
E01000180,Barnet 029C,324.6127,324.6127,1,0.001910619,0.201999191,8,35,100
E01000182,Barnet 029E,52768.7321,52768.7321,1,0.24345896,31.20563696,23,39,158
E01000183,Barnet 033A,828.2735,828.2735,1,0.003628893,0.562303802,9,11,60
E01000188,Barnet 014C,175514.0231,87757.01155,2,0.054827104,112.9433868,69,19,147
E01000190,Barnet 014E,8310.3698,8310.3698,1,0.03395668,5.263058771,5,19,66
E01000191,Barnet 014F,355.3981,355.3981,1,0.001377852,0.233047934,5,10,51
E01000193,Barnet 018B,21918.5848,10959.2924,2,0.072267828,12.82538607,248,74,443
E01000196,Barnet 028A,25357.7108,25357.7108,1,0.103004094,14.07198158,57,49,214
E01000197,Barnet 023A,37256.7399,12418.9133,3,0.133559354,20.35887426,10,38,121
E01000198,Barnet 025A,40312.9358,20156.4679,2,0.121995783,21.29579282,8,23,74
E01000199,Barnet 025B,30030.0832,10010.02773,3,0.089740405,18.57148002,4,17,68
E01000200,Barnet 028B,21778.1938,21778.1938,1,0.079115687,11.80389908,4,18,94
E01000201,Barnet 028C,4399.2923,4399.2923,1,0.011190377,2.873476355,6,12,80
E01000204,Barnet 025C,10008.3047,3336.101567,3,0.031086727,5.791842998,21,20,109
E01000205,Barnet 035A,61244.063,15311.01575,4,0.161616834,40.23920039,5,25,105
E01000206,Barnet 033B,273123.9094,34140.48868,8,0.206630949,173.301973,8,16,125
E01000207,Barnet 033C,41403.1901,10350.79753,4,0.120140517,26.15488951,26,6,86
E01000208,Barnet 033D,11030.0143,5515.00715,2,0.027072748,6.919707842,10,20,89
E01000209,Barnet 035B,47915.497,15971.83233,3,0.119450013,30.65610813,6,20,91
E01000210,Barnet 033E,173843.5253,86921.76265,2,0.346721091,112.3020189,9,17,85
E01000211,Barnet 035C,36261.5741,36261.5741,1,0.130891683,18.00475377,126,41,265
E01000212,Barnet 035D,22925.7719,22925.7719,1,0.06643133,16.05446211,9,13,71
E01000213,Barnet 033F,39405.8758,39405.8758,1,0.092113575,27.4032516,2,4,42
E01000214,Barnet 038E,376.9267,376.9267,1,0.001126677,0.22665466,24,18,89
E01000215,Barnet 037B,6730.1155,6730.1155,1,0.030196189,3.310435563,6,22,76
E01000217,Barnet 035F,7455.1132,7455.1132,1,0.035136228,4.321804754,6,13,49
E01000225,Barnet 037F,43042.9004,21521.4502,2,0.139271934,24.23586734,7,20,88
E01000228,Barnet 007A,1472305.996,736152.998,2,0.507706483,994.1296394,8,14,54
E01000234,Barnet 021D,1082.4473,541.22365,2,0.003931575,0.636359377,5,23,75
E01000237,Barnet 032A,81.7914,81.7914,1,0.00024737,0.04013317,47,71,239
E01000241,Barnet 031C,70820.7036,35410.3518,2,0.212193593,40.60820161,4,22,80
E01000246,Barnet 002B,655150.1115,131030.0223,5,0.606447472,435.8949511,2,17,54
E01000248,Barnet 001A,11315.0351,11315.0351,1,0.04111484,6.81218248,88,23,169
E01000249,Barnet 001B,3555.551,3555.551,1,0.004390808,2.331508852,5,6,48
E01000250,Barnet 001C,172071.2831,57357.09437,3,0.294093964,77.09286877,126,70,325
E01000253,Barnet 007B,207987.362,69329.12067,3,0.062659176,122.9966659,13,13,83
E01000254,Barnet 001D,209098.7051,41819.74102,5,0.137225451,134.9894804,11,7,61
E01000256,Barnet 016A,155778.1231,51926.04103,3,0.280245208,87.12422992,9,27,110
E01000258,Barnet 016B,172677.1785,43169.29463,4,0.217663221,104.1478761,150,28,237
E01000259,Barnet 025D,430354.582,143451.5273,3,0.331717785,165.7121995,23,24,119
E01000261,Barnet 017C,7167.7756,7167.7756,1,0.006002623,4.477061587,7,14,69
E01000262,Barnet 017D,97283.1648,13897.59497,7,0.043942146,43.04564814,12,31,136
E01000263,Barnet 016C,6858.0148,6858.0148,1,0.017328522,4.337770272,4,5,60
E01000266,Barnet 011B,8221.9605,8221.9605,1,0.012963092,5.384388016,1,10,47
E01000267,Barnet 005A,3819.115,3819.115,1,0.013806977,2.512575658,6,4,57
E01000271,Barnet 008A,16.1024,16.1024,1,4.60766E-05,0.01096147,15,11,81
E01000275,Barnet 012A,39573.0579,7914.61158,5,0.11934105,24.17413433,2,11,50
E01000276,Barnet 020A,62236.3793,20745.45977,3,0.121632338,40.94498638,6,2,36
E01000278,Barnet 020B,31091.3114,31091.3114,1,0.113395302,20.53587279,2,5,34
E01000279,Barnet 007C,299657.0392,59931.40784,5,0.059608628,206.8026496,4,25,83
E01000280,Barnet 007D,261611.6388,130805.8194,2,0.257538004,189.4363786,0,8,34
E01000282,Barnet 008E,110396.9149,110396.9149,1,0.209166001,64.7489237,11,14,82
E01000283,Barnet 012C,30112.0255,7528.006375,4,0.090636163,21.05736049,1,6,40
E01000298,Barnet 023D,71548.3504,71548.3504,1,0.267153489,39.48584459,50,28,154
E01000301,Barnet 020C,10324.8261,10324.8261,1,0.035748498,6.708788889,5,6,64
E01000303,Barnet 020D,18064.1315,18064.1315,1,0.085096562,11.52784397,1,5,36
E01000309,Barnet 031D,12322.6817,12322.6817,1,0.042773607,6.763272064,8,28,92
E01000311,Barnet 034D,97533.8516,48766.9258,2,0.287780565,59.76338946,4,19,87
E01000320,Barnet 011D,11.8343,11.8343,1,4.98485E-05,0.008023254,11,19,86
E01000348,Bexley 020A,8405.8922,4202.9461,2,0.028527683,5.675821877,2,6,40
E01000424,Bexley 026A,17005.4621,17005.4621,1,0.043839997,10.04457301,15,9,62
E01000444,Bexley 023B,60986.8274,20328.94247,3,0.044059712,37.25523971,2,11,45
E01000448,Bexley 023D,4102.8767,4102.8767,1,0.00891222,3.07331588,1,7,37
E01000449,Bexley 023E,15707.1514,15707.1514,1,0.034535133,10.50645579,13,13,58
E01000458,Bexley 027E,71317.6369,71317.6369,1,0.213261291,48.78087339,5,12,60
E01000460,Bexley 022E,11924.2559,3974.751967,3,0.023414323,8.813197265,3,12,53
E01000461,Bexley 024E,131736.8456,43912.28187,3,0.240268211,79.26404669,6,12,61
E01000479,Brent 009A,1197.5,1197.5,1,0.00386029,0.721820374,8,28,82
E01000480,Brent 006A,4571.5875,4571.5875,1,0.015428887,2.613829331,5,18,80
E01000489,Brent 030A,13500.4015,6750.20075,2,0.042226576,8.539153384,25,34,142
E01000491,Brent 030B,13732.6916,13732.6916,1,0.037503468,6.880106012,17,27,139
E01000492,Brent 030C,386.16,193.08,2,0.002394007,0.293657795,12,23,77
E01000493,Brent 030D,546.7522,546.7522,1,0.002976852,0.333996457,5,18,64
E01000512,Brent 018D,232.1017,232.1017,1,0.001514689,0.136369976,11,15,86
E01000530,Brent 033A,138.0118,138.0118,1,0.000778154,0.075664364,17,32,105
E01000538,Brent 004B,77764.5677,25921.52257,3,0.196058742,49.15585822,6,13,63
E01000539,Brent 004C,50153.8089,16717.9363,3,0.177833426,32.54627443,8,18,64
E01000540,Brent 004D,53895.5177,53895.5177,1,0.142589275,36.02641557,8,20,63
E01000546,Brent 028B,149.7012,149.7012,1,0.001569292,0.091003769,27,37,137
E01000555,Brent 015C,13001.607,13001.607,1,0.063307919,8.685108216,5,16,83
E01000558,Brent 015F,1701.7183,1701.7183,1,0.009819442,1.128460411,23,19,173
E01000560,Brent 023D,1892.4711,1892.4711,1,0.008994779,1.170359369,8,17,116
E01000562,Brent 008A,7385.5531,7385.5531,1,0.023936484,4.771029134,4,13,70
E01000563,Brent 008B,26475.9921,13237.99605,2,0.069402259,17.88918385,9,18,94
E01000568,Brent 008D,201042.8757,201042.8757,1,0.250532078,88.95702465,71,189,418
E01000569,Brent 008E,121115.0972,121115.0972,1,0.325005455,77.38983847,5,12,45
E01000580,Brent 032B,221547.859,110773.9295,2,0.496361162,111.8928581,35,41,208
E01000646,Bromley 016A,1390.1793,1390.1793,1,0.003940958,0.847153748,60,16,130
E01000650,Bromley 022A,123368.3109,123368.3109,1,0.139487521,64.55693925,4,12,70
E01000651,Bromley 020A,12654.1009,12654.1009,1,0.044188358,7.772789251,2,14,53
E01000652,Bromley 022B,76734.863,76734.863,1,0.130865548,47.22145415,6,17,71
E01000666,Bromley 033B,414287.2017,51785.90021,8,0.139307059,228.3832424,18,34,120
E01000667,Bromley 033C,60771.018,30385.509,2,0.05729954,37.51297407,6,20,63
E01000672,Bromley 011A,29095.1498,29095.1498,1,0.088469675,19.14154592,66,13,142
E01000673,Bromley 011B,37403.5298,12467.84327,3,0.078865017,23.80873953,4,10,90
E01000675,Bromley 018B,14709.6224,7354.8112,2,0.025497307,9.057649261,870,221,1468
E01000680,Bromley 037A,314080.076,34897.78622,9,0.038053121,195.202036,31,19,119
E01000681,Bromley 035A,7110.3398,7110.3398,1,0.022618754,4.170287273,0,3,24
E01000684,Bromley 035D,23602.5692,7867.523067,3,0.057651235,11.59261749,2,14,39
E01000686,Bromley 037C,80369.4709,26789.82363,3,0.181122455,53.29540511,5,17,60
E01000687,Bromley 037D,27378.93,27378.93,1,0.047664947,17.07980661,40,18,99
E01000688,Bromley 037E,5075.7892,1691.929733,3,0.005496,3.718526886,4,14,61
E01000690,Bromley 002B,627.6185,627.6185,1,0.001887837,0.447659415,19,11,71
E01000692,Bromley 002D,13481.6208,6740.8104,2,0.038246083,8.559759238,39,30,120
E01000693,Bromley 010A,1445161.696,206451.6708,7,0.54154028,898.1738322,171,41,316
E01000694,Bromley 007C,285814.3025,71453.57563,4,0.278954927,175.669516,3,16,69
E01000695,Bromley 007D,62653.164,12530.6328,5,0.082945179,41.93652209,6,12,60
E01000696,Bromley 007E,450513.0482,90102.60964,5,0.220590587,297.564761,10,29,114
E01000697,Bromley 007F,44220.4199,22110.20995,2,0.086443264,27.38106495,6,17,70
E01000698,Bromley 010B,590107.8654,118021.5731,5,0.521125664,499.245233,5,26,77
E01000710,Bromley 006B,2678.3897,1339.19485,2,0.004914178,1.668778629,15,32,113
E01000711,Bromley 006C,308.9087,308.9087,1,0.001108229,0.17970256,23,43,136
E01000712,Bromley 012A,2259.2159,2259.2159,1,0.006294046,1.3767312,9,22,84
E01000713,Bromley 012B,1908.4704,1908.4704,1,0.004564447,1.127271353,10,16,88
E01000714,Bromley 006D,12206.294,6103.147,2,0.037303105,6.544929759,146,144,456
E01000747,Bromley 042B,333552.2519,41694.03149,8,0.033560785,173.7251312,19,37,112
E01000748,Bromley 042C,203276.9157,50819.22893,4,0.020569682,126.8894605,13,11,67
E01000749,Bromley 036A,931896.1788,93189.61788,10,0.101131297,586.8363846,3,11,69
E01000751,Bromley 036C,20950.0693,20950.0693,1,0.011382712,10.4384999,19,61,156
E01000753,Bromley 031A,382254.3603,127418.1201,3,0.441403103,211.6580068,9,11,44
E01000755,Bromley 031C,8157.0174,2719.0058,3,0.023729334,5.419945116,0,8,28
E01000756,Bromley 033D,113649.4237,28412.35593,4,0.11270161,72.71236321,64,63,199
E01000757,Bromley 031D,91385.6177,45692.80885,2,0.16923951,60.96438806,5,4,34
E01000759,Bromley 034A,509859.4201,63732.42751,8,0.111047498,330.6481324,3,14,51
E01000763,Bromley 027A,153954.9496,51318.31653,3,0.181391659,106.0295796,8,2,42
E01000765,Bromley 034D,327251.7513,81812.93782,4,0.141729104,192.0491498,22,69,171
E01000766,Bromley 027C,817.9032,817.9032,1,0.002208157,0.477189732,1,2,32
E01000767,Bromley 027D,22323.1225,11161.56125,2,0.071195174,13.56204283,5,14,60
E01000768,Bromley 034E,74207.0182,37103.5091,2,0.156170706,47.72155511,0,33,79
E01000769,Bromley 024A,17177.2018,17177.2018,1,0.014343311,12.12223133,18,194,310
E01000770,Bromley 012D,199607.9101,66535.97003,3,0.290831558,139.683632,13,20,83
E01000771,Bromley 041C,81561.445,81561.445,1,0.219753274,49.88467584,22,25,100
E01000772,Bromley 012E,9.5857,9.5857,1,2.88956E-05,0.006323021,3,12,63
E01000773,Bromley 024B,23956.0697,23956.0697,1,0.077677618,15.75021019,8,9,52
E01000775,Bromley 024C,98424.1862,49212.0931,2,0.088906377,43.43521015,36,29,129
E01000794,Bromley 035E,872.6106,872.6106,1,0.001899278,0.561887057,12,1,41
E01000797,Bromley 013E,114605.7131,57302.85655,2,0.174383181,73.37113515,110,28,288
E01000804,Bromley 004D,16465.9555,16465.9555,1,0.024702647,11.46654283,8,15,117
E01000807,Bromley 022C,105708.6013,35236.20043,3,0.130239368,69.00039249,36,39,141
E01000809,Bromley 022D,197794.2613,49448.56533,4,0.360506439,130.3851426,1,13,44
E01000811,Bromley 025C,32561.8459,10853.94863,3,0.110179926,24.66806508,1,11,35
E01000812,Bromley 028D,10530.6689,5265.33445,2,0.027508927,7.034514963,13,22,74
E01000813,Bromley 025D,223704.9038,74568.30127,3,0.366402466,138.9471452,63,26,119
E01000815,Bromley 025E,15657.8764,15657.8764,1,0.031359175,10.18729759,3,2,43
E01000823,Bromley 008E,5876.8487,2938.42435,2,0.024215221,3.506472971,8,23,91
E01000826,Bromley 021A,14012.8647,14012.8647,1,0.027267647,8.623301354,6,6,53
E01000827,Bromley 021B,28390.4063,28390.4063,1,0.075758411,16.77919994,57,24,116
E01000829,Bromley 018E,543.7422,543.7422,1,0.002454061,0.313757761,5,14,50
E01000831,Bromley 021D,5990.9389,5990.9389,1,0.014729172,3.653011524,6,9,47
E01000834,Bromley 027E,112.9132,112.9132,1,0.00053801,0.085025,4,2,26
E01000836,Bromley 030C,53.8033,53.8033,1,0.000253467,0.03791635,2,11,39
E01000838,Bromley 030E,19146.4297,19146.4297,1,0.03515856,13.09605315,12,13,51
E01000839,Bromley 030F,1826.1054,608.7018,3,0.006811638,1.227221371,1,6,30
E01000840,Bromley 030G,338609.9815,84652.49537,4,0.42303161,218.1765345,4,12,43
E01000841,Bromley 030H,10260.6584,10260.6584,1,0.030398843,6.58156408,11,17,59
E01000843,Camden 014A,2035.1193,1017.55965,2,0.024076133,1.212824374,17,43,125
E01000850,Camden 026A,7165.2352,2388.411733,3,0.036622465,4.229772845,991,88,1391
E01000851,Camden 026B,1451.5113,725.75565,2,0.010707495,0.609110911,276,52,468
E01000852,Camden 026C,10450.5526,5225.2763,2,0.084053193,6.585099307,311,44,536
E01000854,Camden 026D,678.4995,339.24975,2,0.003558729,0.370157938,710,208,1177
E01000855,Camden 028A,34163.8346,11387.94487,3,0.106184333,19.36725317,976,121,1447
E01000857,Camden 018A,900.4815,900.4815,1,0.011914645,0.622309261,18,25,89
E01000860,Camden 018D,124268.5817,31067.14543,4,0.592839422,95.07925149,17,23,90
E01000862,Camden 018E,10250.5596,5125.2798,2,0.060424668,5.987476402,165,65,404
E01000863,Camden 021A,4199.8747,4199.8747,1,0.025723483,2.83583707,913,407,1914
E01000865,Camden 015B,5811.4927,5811.4927,1,0.053602591,3.861456944,78,45,221
E01000866,Camden 009A,4824.5268,2412.2634,2,0.034051126,2.376614187,61,35,202
E01000869,Camden 015E,2443.0552,1221.5276,2,0.021408101,1.157846066,33,51,162
E01000871,Camden 005A,101523.6939,33841.2313,3,0.335586056,61.01183528,25,37,131
E01000872,Camden 005B,1658.8645,1658.8645,1,0.010949489,0.872168507,35,48,226
E01000873,Camden 005C,1095.7097,365.2365667,3,0.008821672,0.668523307,14,29,102
E01000874,Camden 005D,705.5443,705.5443,1,0.008213292,0.452562091,5,15,58
E01000877,Camden 005E,18.7744,18.7744,1,0.000167054,0.011927827,10,20,92
E01000879,Camden 004B,9072.7879,9072.7879,1,0.050456578,6.22276262,22,27,108
E01000885,Camden 004E,607.4136,151.8534,4,0.00195713,0.409308356,6,11,73
E01000892,Camden 006D,169.2445,169.2445,1,0.001392285,0.091830982,32,25,134
E01000893,Camden 002A,795795.4872,132632.5812,6,1.48827856,508.1708092,25,13,85
E01000894,Camden 002B,157671.7663,39417.94158,4,0.70627219,113.5145906,55,22,134
E01000896,Camden 002D,8055.3994,1611.07988,5,0.055061284,4.76087435,31,17,104
E01000898,Camden 008E,4441.954,4441.954,1,0.025743351,2.56908849,154,107,385
E01000899,Camden 002E,1463534.463,58541.37852,25,1.353664749,877.9450888,22,15,142
E01000903,Camden 006E,6152.6044,6152.6044,1,0.059856325,4.275611119,44,21,132
E01000909,Camden 001C,14994.6634,14994.6634,1,0.066300764,9.290373854,22,17,121
E01000910,Camden 003A,2949.1473,1474.57365,2,0.022736303,2.003496807,27,10,111
E01000913,Camden 001E,1734614.651,108413.4157,16,1.077953793,1014.394533,61,99,350
E01000914,Camden 028B,44040.0386,7340.006433,6,0.098242647,24.99434654,885,187,1511
E01000919,Camden 028D,5858.721,1952.907,3,0.039075227,2.908997517,792,150,1405
E01000921,Camden 003C,2.9789,2.9789,1,2.40455E-05,0.001515209,145,92,332
E01000923,Camden 003D,936.6324,468.3162,2,0.010963118,0.626929317,14,19,67
E01000924,Camden 009C,4885.7895,2442.89475,2,0.050338296,2.984599572,15,34,120
E01000933,Camden 020C,410.2406,410.2406,1,0.003804237,0.245506044,96,47,242
E01000946,Camden 021B,265767.0165,44294.50275,6,0.55044394,175.3080584,173,60,344
E01000947,Camden 021C,11554.1337,5777.06685,2,0.073914502,5.9130674,416,192,896
E01000948,Camden 021D,6169.8409,1542.460225,4,0.03097521,3.554055818,49,75,207
E01000960,Camden 017A,626.4808,626.4808,1,0.005430675,0.353145885,117,41,285
E01000963,Camden 017C,9230.0226,9230.0226,1,0.048207245,4.799803744,168,49,324
E01000964,Camden 016B,54.4287,54.4287,1,0.000437624,0.034514077,15,34,88
E01000966,Camden 016D,117.7301,117.7301,1,0.000910881,0.077863823,12,12,70
E01000967,Camden 017D,134758.4829,67379.24145,2,0.360658056,95.64122278,11,14,96
E01000969,Camden 010A,1148.1615,574.08075,2,0.006841321,0.565040108,62,25,204
E01000970,Camden 010B,1648.2039,1648.2039,1,0.024098248,1.141415443,18,20,82
E01000971,Camden 010C,1161.6334,1161.6334,1,0.014200399,0.785949526,4,13,51
E01000972,Camden 010D,2707.0137,1353.50685,2,0.019137183,1.347443355,130,56,308
E01000973,Camden 010E,3173.6813,1586.84065,2,0.013674713,1.683650557,101,82,357
E01000986,Croydon 021B,32070.129,32070.129,1,0.099110286,18.45231818,18,18,89
E01001017,Croydon 043A,552792.3919,110558.4784,5,0.411548943,340.3894039,1,6,32
E01001019,Croydon 044B,71113.3418,14222.66836,5,0.119922295,47.06376029,4,11,44
E01001027,Croydon 043E,67979.1199,67979.1199,1,0.04694124,42.97036656,23,23,87
E01001028,Croydon 038A,39877.3197,39877.3197,1,0.045862239,24.46461331,4,15,68
E01001032,Croydon 035A,180753.7616,180753.7616,1,0.277256494,129.4797719,7,5,40
E01001036,Croydon 029A,102331.748,34110.58267,3,0.12167981,67.27925575,10,21,90
E01001039,Croydon 029D,76697.7378,76697.7378,1,0.166821455,52.03374342,3,8,45
E01001044,Croydon 023A,65960.7674,65960.7674,1,0.146813933,34.31881759,8,39,106
E01001049,Croydon 023C,468990.4946,117247.6236,4,0.337845524,330.5077481,13,10,92
E01001062,Croydon 026A,98654.3142,12331.78928,8,0.079434715,62.95744365,87,27,172
E01001064,Croydon 026C,1104122.436,84932.49506,13,0.31784762,704.1597168,32,27,124
E01001067,Croydon 041D,94089.4218,18817.88436,5,0.138054595,57.68818013,5,6,48
E01001068,Croydon 042A,207355.9528,29622.27897,7,0.272315087,107.7733642,6,32,90
E01001069,Croydon 040A,63657.4525,12731.4905,5,0.157453027,45.96205957,7,11,45
E01001072,Croydon 042C,734833.8596,27216.06887,27,0.339255275,493.8399594,0,8,31
E01001084,Croydon 002A,121928.905,20321.48417,6,0.204336514,66.7007139,10,26,111
E01001092,Croydon 037B,34310.1346,17155.0673,2,0.058550295,19.30789792,10,45,115
E01001094,Croydon 038E,14030.3514,14030.3514,1,0.011977629,8.851956719,7,6,42
E01001102,Croydon 035C,142086.1545,47362.0515,3,0.219849821,97.11972283,38,15,91
E01001103,Croydon 039A,182272.7485,60757.58283,3,0.248636527,108.4956836,13,11,52
E01001104,Croydon 042D,495913.5618,247956.7809,2,0.292273843,297.8459831,4,12,54
E01001107,Croydon 035D,87500.3335,43750.16675,2,0.114711296,54.14624598,4,9,45
E01001108,Croydon 035E,8608.5192,8608.5192,1,0.015979517,5.031279486,2,16,39
E01001121,Croydon 039D,279596.9398,69899.23495,4,0.126958058,213.7591283,5,11,33
E01001122,Croydon 033B,60758.2649,20252.75497,3,0.049181655,39.47905452,7,13,56
E01001123,Croydon 033C,297080.6929,74270.17323,4,0.399408303,196.2223863,6,13,45
E01001124,Croydon 033D,66084.6252,22028.2084,3,0.110236523,42.01184056,3,8,22
E01001129,Croydon 026D,6610.8864,3305.4432,2,0.022882223,4.543564536,4,6,41
E01001200,Ealing 025A,3628.2013,3628.2013,1,0.026838608,2.393272625,16,20,80
E01001208,Ealing 018E,111468.429,37156.143,3,0.20897503,81.60207101,7,13,52
E01001209,Ealing 013A,82964.8334,41482.4167,2,0.301391645,48.46076717,41,29,112
E01001212,Ealing 018F,52526.4903,26263.24515,2,0.183800452,31.50959226,5,15,50
E01001221,Ealing 020A,9411.8239,4705.91195,2,0.030798812,5.057401343,613,222,1141
E01001225,Ealing 020C,11356.7517,11356.7517,1,0.048685911,6.344554022,159,90,382
E01001228,Ealing 019E,2434.0873,2434.0873,1,0.009089274,1.343315287,24,38,107
E01001230,Ealing 031B,1384.7827,1384.7827,1,0.007184672,0.930633535,19,41,112
E01001231,Ealing 027A,2341.8376,2341.8376,1,0.00588687,1.255004073,71,23,171
E01001234,Ealing 027B,88449.14,88449.14,1,0.293259367,63.13286224,29,51,211
E01001235,Ealing 020D,30146.2669,15073.13345,2,0.110658805,18.87681083,30,41,138
E01001237,Ealing 031E,41174.6402,10293.66005,4,0.169748233,25.84723176,9,23,116
E01001238,Ealing 015B,26275.0853,26275.0853,1,0.064324915,9.161466283,50,87,253
E01001251,Ealing 030A,14412.5185,3603.129625,4,0.07660404,8.71373549,21,31,100
E01001254,Ealing 030D,24882.9987,3554.7141,7,0.119241609,14.76735828,13,22,78
E01001255,Ealing 028C,59090.1015,59090.1015,1,0.33690724,36.7019264,4,12,46
E01001273,Ealing 020F,3027.3542,3027.3542,1,0.007696948,1.865282933,28,20,130
E01001279,Ealing 013C,424.8752,424.8752,1,0.001678751,0.288442091,6,17,70
E01001280,Ealing 011D,116687.7996,23337.55992,5,0.320427736,67.06195379,11,14,79
E01001281,Ealing 013D,56238.2119,14059.55298,4,0.194691436,35.14888244,4,13,49
E01001290,Ealing 022D,147487.2696,14748.72696,10,0.291455615,79.46512371,22,24,115
E01001301,Ealing 039B,92795.5392,46397.7696,2,0.371541769,52.07381549,26,38,145
E01001302,Ealing 039C,84077.1188,84077.1188,1,0.251210304,51.86743911,14,16,93
E01001303,Ealing 032A,5269.8582,5269.8582,1,0.032506147,3.215288713,44,24,126
E01001305,Ealing 035C,2626.0976,2626.0976,1,0.017499558,1.530359907,5,6,45
E01001306,Ealing 035D,3844.064,3844.064,1,0.024798446,2.392074673,11,4,50
E01001354,Ealing 027E,8340.9321,4170.46605,2,0.031198119,4.533115272,204,53,330
E01001375,Ealing 034A,9.768,9.768,1,6.98025E-05,0.005866667,13,14,63
E01001380,Ealing 040C,5295.8039,5295.8039,1,0.03003916,3.010690108,21,32,103
E01001381,Ealing 034D,819.7835,819.7835,1,0.002873909,0.497139782,64,50,251
E01001382,Ealing 032B,61448.8823,30724.44115,2,0.294520877,39.23938844,8,7,36
E01001385,Ealing 032D,25156.881,25156.881,1,0.159373797,14.95652854,20,11,81
E01001386,Ealing 031F,118284.5355,23656.9071,5,0.384271026,65.97018154,16,8,89
E01001387,Ealing 032E,44674.1113,8934.82226,5,0.179230338,28.89657911,31,59,175
E01001399,Enfield 021B,31529.7668,31529.7668,1,0.13316221,21.9413826,6,24,75
E01001412,Enfield 004C,1426140.938,54851.57452,26,0.099527207,777.612289,41,56,265
E01001413,Enfield 004D,180555.356,45138.839,4,0.352662313,110.6344093,2,15,64
E01001416,Enfield 013A,9068,9068,1,0.027659554,5.23254472,3,13,81
E01001417,Enfield 011B,1314394.027,328598.5069,4,0.230920276,665.8531039,24,17,127
E01001422,Enfield 011D,260210.2402,28912.24891,9,0.176783783,156.9422438,6,17,87
E01001451,Enfield 017A,114484.0165,28621.00413,4,0.18506503,69.76478763,64,26,135
E01001453,Enfield 017C,73146.8422,36573.4211,2,0.1406591,43.61767573,3,7,71
E01001455,Enfield 021F,4978.1516,4978.1516,1,0.020976588,3.338800537,4,16,80
E01001457,Enfield 010A,13774.6668,3443.6667,4,0.051519343,8.435190937,21,22,99
E01001468,Enfield 010B,37412.1677,18706.08385,2,0.047469027,27.94037916,16,81,148
E01001470,Enfield 013B,58236.7068,19412.2356,3,0.030707661,36.44349612,5,17,90
E01001475,Enfield 013D,18063.1216,9031.5608,2,0.053911755,10.60042347,1,14,49
E01001519,Enfield 020D,4.8202,4.8202,1,1.37616E-05,0.00193117,226,87,556
E01001521,Enfield 028A,54024.521,27012.2605,2,0.112456935,30.40209398,4,21,88
E01001531,Enfield 028B,4.4175,4.4175,1,1.89377E-05,0.002948932,3,8,68
E01001532,Enfield 028C,12152.4827,6076.24135,2,0.041793907,6.889162528,16,22,105
E01001533,Enfield 028D,29366.5009,9788.833633,3,0.08957862,18.72863578,2,9,62
E01001534,Enfield 032E,94862.2439,47431.12195,2,0.234172066,58.16201343,47,35,207
E01001535,Enfield 028E,103731.7819,51865.89095,2,0.259958395,69.99445472,9,9,79
E01001536,Enfield 008B,45753.7792,11438.4448,4,0.105319985,26.64751264,87,82,308
E01001541,Enfield 008D,4078.3274,4078.3274,1,0.022873881,2.711653856,6,8,52
E01001564,Enfield 022B,13585.2918,13585.2918,1,0.059714265,8.154436855,8,10,88
E01001568,Enfield 022D,368497.267,184248.6335,2,0.41240558,232.7841232,4,2,68
E01001569,Enfield 022E,10233.0452,10233.0452,1,0.034492892,5.867571789,18,16,100
E01001580,Greenwich 021A,67156.7783,22385.59277,3,0.222273066,40.89937777,92,22,209
E01001581,Greenwich 016A,2702.0116,1351.0058,2,0.013090454,1.595990313,26,22,124
E01001583,Greenwich 021C,406.3469,203.17345,2,0.001402801,0.253491516,19,26,112
E01001584,Greenwich 021D,10078.3086,3359.4362,3,0.030757106,6.506332214,17,16,92
E01001587,Greenwich 016D,827.3089,827.3089,1,0.003055633,0.437729577,17,42,128
E01001608,Greenwich 027C,164203.9952,164203.9952,1,0.353452212,112.9325964,6,19,89
E01001614,Greenwich 028B,165965.6871,41491.42178,4,0.186501171,117.7896999,63,27,146
E01001641,Greenwich 038B,12442.9379,2073.822983,6,0.033768881,7.089993105,228,97,503
E01001642,Greenwich 038C,904323.03,90432.303,10,0.757501376,507.7613869,36,37,198
E01001644,Greenwich 038D,896.4732,448.2366,2,0.004722648,0.405277215,44,54,237
E01001656,Greenwich 034A,24512.9524,12256.4762,2,0.086977073,19.27118899,6,17,52
E01001657,Greenwich 034B,19450.9451,9725.47255,2,0.048404728,12.57333232,10,36,109
E01001664,Greenwich 037B,3078.3477,3078.3477,1,0.020048984,1.646175241,102,42,226
E01001665,Greenwich 037C,24044.8718,24044.8718,1,0.127726914,12.87888152,37,36,154
E01001680,Greenwich 020B,117527.5311,23505.50622,5,0.19245362,74.71553153,11,9,82
E01001736,Hackney 012A,13063.3715,3265.842875,4,0.143589355,7.88850936,19,37,126
E01001737,Hackney 012B,15.1393,15.1393,1,0.000153209,0.008218947,26,29,118
E01001738,Hackney 012C,1070.5166,1070.5166,1,0.011747725,0.608940046,30,36,137
E01001739,Hackney 012D,421.212,421.212,1,0.003389922,0.201536842,26,31,132
E01001742,Hackney 008A,437.8573,218.92865,2,0.003412838,0.24191011,56,37,141
E01001747,Hackney 014B,2.7078,2.7078,1,1.91116E-05,0.001267103,112,79,311
E01001748,Hackney 020A,7352.1266,7352.1266,1,0.041156744,3.188259584,244,126,580
E01001749,Hackney 020B,572.3237,572.3237,1,0.005453591,0.333327723,26,36,125
E01001750,Hackney 021C,10060.8256,5030.4128,2,0.068263828,5.473789771,53,68,249
E01001751,Hackney 021D,44.6282,44.6282,1,0.000290997,0.028848222,39,20,141
E01001752,Hackney 025A,9310.5276,2327.6319,4,0.073575018,4.035772692,48,45,208
E01001762,Hackney 017D,582.0694,582.0694,1,0.00414386,0.329784363,161,92,392
E01001782,Hackney 026C,16327.8332,5442.611067,3,0.120393488,7.099057913,31,29,145
E01001803,Hackney 008C,30497.8761,30497.8761,1,0.190440738,16.37030386,23,18,90
E01001816,Hackney 020D,14999.1918,14999.1918,1,0.110867803,9.230271877,52,44,168
E01001819,Hackney 020E,1611.2526,1611.2526,1,0.011796078,1.021720101,33,31,135
E01001829,Hackney 009C,515.1394,257.5697,2,0.004435567,0.287145708,42,32,128
E01001831,Hackney 009D,5616.1309,2808.06545,2,0.051590284,3.348915265,133,81,327
E01001832,Hackney 009E,8417.3776,8417.3776,1,0.081182195,5.199121433,31,33,147
E01001837,Hackney 023B,7496.914,1499.3828,5,0.06561868,5.038248656,43,28,179
E01001839,Hackney 023C,9128.0918,3042.697267,3,0.087746871,4.128490185,125,113,420
E01001844,Hackney 022D,31384.3825,15692.19125,2,0.202518628,15.64525548,52,51,239
E01001853,Hammersmith and Fulham 007B,961.6737,961.6737,1,0.011898774,0.627314873,21,16,100
E01001856,Hammersmith and Fulham 010C,8.8319,8.8319,1,0.000107006,0.005272776,118,66,275
E01001859,Hammersmith and Fulham 008A,2017.473,2017.473,1,0.018745166,0.793968123,9,40,90
E01001863,Hammersmith and Fulham 006D,0.3081,0.3081,1,3.63704E-06,0.000201241,25,23,106
E01001865,Hammersmith and Fulham 008B,15343.2547,15343.2547,1,0.129794586,9.122030143,6,19,69
E01001866,Hammersmith and Fulham 012A,3243.6713,3243.6713,1,0.021446472,2.054256681,108,51,237
E01001867,Hammersmith and Fulham 012B,12.6209,12.6209,1,0.000145886,0.009266446,11,16,74
E01001869,Hammersmith and Fulham 010D,21665.2192,21665.2192,1,0.094621931,16.240794,58,24,153
E01001870,Hammersmith and Fulham 012D,3705.8857,1852.94285,2,0.036524497,1.9181603,26,23,110
E01001871,Hammersmith and Fulham 012E,5413.4331,5413.4331,1,0.040758215,3.374958292,15,23,80
E01001872,Hammersmith and Fulham 012F,592.8093,592.8093,1,0.0083616,0.367292007,14,21,84
E01001880,Hammersmith and Fulham 017A,5169.9431,5169.9431,1,0.040789581,3.453535805,39,32,134
E01001883,Hammersmith and Fulham 017D,2392.7756,2392.7756,1,0.017914684,1.6112967,22,37,115
E01001888,Hammersmith and Fulham 018A,560.8039,560.8039,1,0.005765947,0.347462144,35,40,134
E01001889,Hammersmith and Fulham 014A,47579.864,47579.864,1,0.326362686,34.23011799,39,19,107
E01001890,Hammersmith and Fulham 016C,6081.3171,3040.65855,2,0.046670304,3.350587934,80,140,353
E01001891,Hammersmith and Fulham 018B,15590.9924,7795.4962,2,0.0888905,7.680291823,88,56,253
E01001898,Hammersmith and Fulham 013C,8234.04,2058.51,4,0.028794638,5.175386549,488,214,1059
E01001904,Hammersmith and Fulham 022A,42001.8579,42001.8579,1,0.303690182,26.46619905,16,18,75
E01001910,Hammersmith and Fulham 014B,28.4048,28.4048,1,0.000349558,0.018786243,23,14,88
E01001913,Hammersmith and Fulham 014C,25599.7829,25599.7829,1,0.23402792,16.56943877,53,12,112
E01001915,Hammersmith and Fulham 024A,172966.2735,34593.2547,5,0.420051155,116.7113856,44,35,210
E01001916,Hammersmith and Fulham 024B,221104.1055,110552.0528,2,0.619718168,159.0677018,9,18,68
E01001917,Hammersmith and Fulham 018C,299.228,299.228,1,0.002770026,0.204670315,15,15,63
E01001919,Hammersmith and Fulham 018E,2588.7159,1294.35795,2,0.017933303,1.588169264,15,14,75
E01001921,Hammersmith and Fulham 020B,7.316,7.316,1,7.22E-05,0.004763021,36,43,213
E01001922,Hammersmith and Fulham 020C,54353.1043,27176.55215,2,0.279244197,33.86486249,34,33,191
E01001924,Hammersmith and Fulham 020E,1646.59,1646.59,1,0.017072949,1.031697995,13,5,78
E01001925,Hammersmith and Fulham 025A,10335.5198,5167.7599,2,0.072973872,6.348599386,22,21,107
E01001927,Hammersmith and Fulham 008C,297.1841,148.59205,2,0.001487243,0.197595811,8,6,62
E01001928,Hammersmith and Fulham 011A,44733.3704,44733.3704,1,0.235565309,25.94743063,51,41,197
E01001930,Hammersmith and Fulham 008D,74046.4472,74046.4472,1,0.292407447,39.93875254,26,41,136
E01001932,Hammersmith and Fulham 011C,15411.3761,5137.125367,3,0.08179111,9.507326403,121,64,418
E01001933,Hammersmith and Fulham 011D,7083.7209,3541.86045,2,0.03980855,5.350242372,27,28,141
E01001935,Hammersmith and Fulham 023A,1787.7003,1787.7003,1,0.016767074,0.868237154,17,32,115
E01001937,Hammersmith and Fulham 025C,80325.4745,80325.4745,1,0.410757849,44.06224602,28,29,130
E01001939,Hammersmith and Fulham 023C,8796.2986,4398.1493,2,0.027245125,3.789874451,62,92,267
E01001942,Hammersmith and Fulham 005D,728.3106,364.1553,2,0.007915778,0.389679294,50,58,181
E01001943,Hammersmith and Fulham 004A,36387.4009,12129.13363,3,0.082196614,18.6220066,1319,298,2179
E01001946,Hammersmith and Fulham 004D,28047.4235,28047.4235,1,0.226811786,17.17539712,32,29,117
E01001962,Haringey 004A,32259.6006,10753.2002,3,0.062655247,18.35017099,9,28,97
E01001963,Haringey 009A,61968.3112,61968.3112,1,0.121800809,34.04852264,11,16,85
E01001964,Haringey 009B,348822.9101,174411.4551,2,0.548690817,219.6617822,11,35,124
E01001966,Haringey 009D,261412.2097,130706.1049,2,0.5099466,172.7774023,136,41,300
E01001973,Haringey 004D,47342.9744,23671.4872,2,0.118175654,20.97606309,173,56,348
E01001984,Haringey 033A,37546.5548,18773.2774,2,0.189531174,23.61418541,14,27,134
E01001985,Haringey 033B,10895.6463,5447.82315,2,0.057607492,6.447127988,8,11,90
E01001987,Haringey 033C,54774.836,7824.976571,7,0.181276868,29.65611045,11,19,132
E01001988,Haringey 034B,3534.0644,3534.0644,1,0.020230457,1.995519142,20,16,119
E01001989,Haringey 033D,10478.2438,2095.64876,5,0.036529941,6.074344232,54,21,164
E01001991,Haringey 017A,2234.7203,2234.7203,1,0.017722931,1.319976551,15,25,95
E01001992,Haringey 017B,68721.3928,68721.3928,1,0.168991637,40.21146448,12,16,103
E01001993,Haringey 017C,5840.2542,2920.1271,2,0.020773838,3.463970463,7,13,66
E01001994,Haringey 030A,1324.1843,662.09215,2,0.003942982,0.742255774,6,24,117
E01001996,Haringey 014C,11697.8205,11697.8205,1,0.048131667,7.198658769,11,12,86
E01001998,Haringey 023A,6547.8469,3273.92345,2,0.042205173,3.181655442,11,12,99
E01002001,Haringey 031B,5369.5083,5369.5083,1,0.050505092,3.232696147,8,24,97
E01002005,Haringey 035A,6134.4611,6134.4611,1,0.06416735,3.634159419,24,17,100
E01002006,Haringey 035B,9982.6834,9982.6834,1,0.090906031,6.23138789,10,31,101
E01002007,Haringey 035C,1999.2827,999.64135,2,0.011596272,1.192889439,15,15,89
E01002008,Haringey 030B,77866.0254,7786.60254,10,0.119120491,49.5646247,13,19,144
E01002009,Haringey 035D,13837.7747,6918.88735,2,0.05925598,8.049898022,33,24,156
E01002010,Haringey 030C,19914.9645,9957.48225,2,0.033839666,12.01143818,15,21,118
E01002011,Haringey 030D,370724.2007,61787.36678,6,0.574212982,215.7882425,11,45,176
E01002013,Haringey 022A,9849.7297,2462.432425,4,0.081368643,7.030499429,12,18,87
E01002014,Haringey 020B,3444.7927,1722.39635,2,0.020599141,2.003951542,43,72,213
E01002019,Haringey 022B,12488.8344,6244.4172,2,0.049683648,9.540744385,26,25,140
E01002020,Haringey 021A,55907.9903,27953.99515,2,0.192384314,35.74679687,48,35,169
E01002021,Haringey 022C,19771.759,6590.586333,3,0.107053287,13.36832928,7,5,83
E01002022,Haringey 021B,365.3683,365.3683,1,0.001813222,0.190196929,149,75,396
E01002024,Haringey 022D,48480.4173,48480.4173,1,0.304222563,36.72758886,18,6,83
E01002025,Haringey 021D,203404.7252,40680.94504,5,0.506118342,118.4651865,8,5,74
E01002059,Haringey 028C,16087.1079,16087.1079,1,0.068759302,9.627233932,5,26,89
E01002062,Haringey 034D,18525.9565,9262.97825,2,0.093866357,9.885782551,32,28,147
E01002063,Haringey 036B,11332.6205,11332.6205,1,0.081924773,7.140907687,9,26,105
E01002065,Haringey 036D,5614.0404,5614.0404,1,0.041287834,3.369772149,44,55,228
E01002107,Harrow 012A,16.8921,16.8921,1,5.97475E-05,0.009522041,6,28,81
E01002109,Harrow 008C,101494.6655,50747.33275,2,0.199945206,56.73262465,9,16,81
E01002110,Harrow 008D,2529.5695,2529.5695,1,0.010292068,1.435624007,5,10,65
E01002112,Harrow 001A,212693.7538,26586.71923,8,0.273709088,112.5363777,14,23,82
E01002113,Harrow 002A,128581.7259,21430.28765,6,0.208115706,83.11682346,14,18,78
E01002116,Harrow 002C,7757.4171,3878.70855,2,0.025399448,4.650729676,4,14,48
E01002117,Harrow 002D,42776.7413,21388.37065,2,0.100989211,20.3214923,23,65,139
E01002126,Harrow 023A,10464.3038,5232.1519,2,0.027746867,3.762784538,83,110,348
E01002127,Harrow 023B,2565.9461,2565.9461,1,0.00944535,1.521011322,6,33,88
E01002129,Harrow 023C,68650.2171,11441.70285,6,0.166999585,33.60265154,593,164,986
E01002132,Harrow 029A,8792.4782,4396.2391,2,0.021986543,4.370018986,14,31,98
E01002137,Harrow 029D,46486.1551,6640.8793,7,0.07754375,27.21671844,25,22,90
E01002144,Harrow 004A,379051.775,22297.16324,17,0.128202596,241.2805697,14,21,109
E01002146,Harrow 004B,53662.2817,13415.57043,4,0.062854054,36.23381614,3,6,48
E01002147,Harrow 004C,40522.6515,20261.32575,2,0.064853611,29.60018371,3,8,46
E01002149,Harrow 004D,2545.3831,2545.3831,1,0.008731842,1.870230051,2,1,33
E01002152,Harrow 006E,4409.9045,4409.9045,1,0.009526084,2.715458436,4,12,38
E01002153,Harrow 019A,10630.2736,5315.1368,2,0.036365381,6.029650369,3,10,39
E01002155,Harrow 019B,93218.7723,13316.96747,7,0.125333255,56.73692775,8,10,51
E01002156,Harrow 015B,103333.2076,103333.2076,1,0.270562683,67.89304047,5,3,38
E01002157,Harrow 019C,8661.9775,4330.98875,2,0.032863919,5.13454505,31,30,137
E01002158,Harrow 019D,46894.844,9378.9688,5,0.159905375,32.18589156,5,17,61
E01002164,Harrow 021D,52572.2223,52572.2223,1,0.197551471,29.81975173,7,33,86
E01002187,Harrow 009C,63302.2346,12660.44692,5,0.131132708,34.34738719,5,22,59
E01002188,Harrow 016A,8438.8869,4219.44345,2,0.017365476,5.111379104,9,8,61
E01002189,Harrow 016B,10395.2636,1299.40795,8,0.02314306,6.258436845,87,36,197
E01002190,Harrow 009D,4744.6211,2372.31055,2,0.003494103,2.837692045,4,6,44
E01002191,Harrow 022A,182713.0209,22839.12761,8,0.373129617,93.0310697,4,15,51
E01002192,Harrow 016C,67445.1009,22481.7003,3,0.148962049,44.0242173,14,12,65
E01002193,Harrow 016D,52215.8161,13053.95403,4,0.155005972,29.05721541,5,23,92
E01002194,Harrow 022B,23768.9857,5942.246425,4,0.05576651,13.78711468,2,11,42
E01002195,Harrow 022C,26207.7144,8735.9048,3,0.095847692,16.02918312,11,11,64
E01002196,Harrow 022D,43789.1051,43789.1051,1,0.117094896,24.89431785,4,11,47
E01002208,Harrow 025A,27525.6999,3440.712488,8,0.093704694,20.28422985,2,7,30
E01002209,Harrow 025B,6256.6023,1564.150575,4,0.022904784,3.808035484,18,27,100
E01002225,Harrow 001C,592234.4407,98705.74012,6,0.290181711,376.0218671,7,13,61
E01002226,Harrow 001D,47200.0325,7866.672083,6,0.077956481,21.1849338,115,61,288
E01002228,Harrow 003B,52802.2535,8800.375583,6,0.125896882,25.08420594,3,25,58
E01002238,Harrow 024B,111409.8251,27852.45628,4,0.323961231,61.75710926,6,21,66
E01002242,Harrow 024D,9731.88,4865.94,2,0.035839533,5.149142857,7,11,58
E01002253,Havering 019A,56312.3189,56312.3189,1,0.055074641,36.59020071,4,12,34
E01002254,Havering 019B,62157.7089,62157.7089,1,0.110389732,38.46392877,9,16,65
E01002317,Havering 014C,67660.3074,67660.3074,1,0.177265908,43.90675367,5,14,51
E01002337,Havering 012A,185043.3868,92521.6934,2,0.165257373,142.2316578,17,14,97
E01002384,Havering 019D,11933.0462,11933.0462,1,0.024729194,7.840372011,10,18,78
E01002385,Havering 024A,707605.5914,58967.13262,12,0.071213344,443.3618994,52,34,171
E01002387,Havering 024B,11351.3188,3783.772933,3,0.008378274,7.072472773,18,17,73
E01002388,Havering 024C,9474.2828,9474.2828,1,0.025931411,5.714283957,3,6,47
E01002389,Havering 024D,50444.4899,16814.82997,3,0.057310846,32.86285987,2,9,45
E01002390,Havering 024E,28459.8697,9486.623233,3,0.083395255,19.64104189,21,7,76
E01002391,Havering 018E,561939.8747,280969.9373,2,0.065169872,346.4487514,2,10,52
E01002412,Hillingdon 017B,6715.7805,6715.7805,1,0.009362382,2.931375164,76,145,367
E01002414,Hillingdon 015A,117039.8287,23407.96574,5,0.126919278,35.31678597,40,89,255
E01002417,Hillingdon 008B,12075.1539,6037.57695,2,0.036785664,7.565885902,16,37,112
E01002419,Hillingdon 006B,42951.8247,42951.8247,1,0.146436093,28.0547516,8,13,56
E01002430,Hillingdon 007A,342921.9669,342921.9669,1,0.373392023,233.4390517,3,11,50
E01002432,Hillingdon 006D,39301.7119,19650.85595,2,0.120798546,25.17726579,58,25,142
E01002434,Hillingdon 007B,399236.3457,133078.7819,3,0.487462442,293.9884725,16,7,70
E01002435,Hillingdon 007C,8421.0915,4210.54575,2,0.02371125,5.864269847,5,17,52
E01002437,Hillingdon 006E,0.0881,0.0881,1,2.0145E-07,5.99728E-05,2,3,37
E01002438,Hillingdon 003A,314298.8086,104766.2695,3,0.08503044,237.206648,4,16,57
E01002444,Hillingdon 031A,917932.9475,131133.2782,7,0.058064951,500.7817499,1170,382,2951
E01002458,Hillingdon 011A,48472.0787,24236.03935,2,0.049367902,34.231694,4,19,83
E01002459,Hillingdon 011B,124635.5147,62317.75735,2,0.246371178,76.74600659,1,8,35
E01002460,Hillingdon 011C,22327.2771,7442.4257,3,0.058855302,16.68705314,53,36,155
E01002461,Hillingdon 013A,1040445.407,148635.0582,7,0.412387136,725.0490641,10,13,54
E01002462,Hillingdon 011D,71340.7235,71340.7235,1,0.170867128,50.31080642,4,5,33
E01002463,Hillingdon 013B,97801.8891,48900.94455,2,0.15873452,62.29419688,2,8,45
E01002464,Hillingdon 011E,29133.0119,14566.50595,2,0.036993906,18.36885996,6,15,39
E01002471,Hillingdon 008E,13282.9843,6641.49215,2,0.04979797,8.204437492,2,12,54
E01002472,Hillingdon 002A,25118.4725,25118.4725,1,0.047139543,15.98884309,77,23,154
E01002473,Hillingdon 001A,979307.8645,326435.9548,3,0.251956034,633.0367579,15,23,89
E01002474,Hillingdon 002B,163084.1113,81542.05565,2,0.176200924,108.2177248,10,13,67
E01002475,Hillingdon 001B,5094.6292,5094.6292,1,0.006785419,3.403225919,10,23,76
E01002476,Hillingdon 001C,171.2927,171.2927,1,0.000273081,0.108688261,6,10,34
E01002477,Hillingdon 001D,10527.1663,10527.1663,1,0.033412132,8.408279792,8,20,49
E01002480,Hillingdon 004D,36633.7473,12211.2491,3,0.057518339,20.81462915,5,16,47
E01002482,Hillingdon 001E,26124.0637,26124.0637,1,0.04113694,16.25641798,6,14,63
E01002495,Hillingdon 010E,68064.4724,68064.4724,1,0.151018297,30.52218493,26,21,112
E01002512,Hillingdon 013C,129621.4369,21603.57282,6,0.109511122,74.45229001,82,26,186
E01002514,Hillingdon 015C,12732.7667,4244.255567,3,0.044466675,6.787189072,172,98,419
E01002516,Hillingdon 013E,194310.5448,194310.5448,1,0.332240997,133.638614,8,26,67
E01002534,Hillingdon 005B,7081.236,7081.236,1,0.017517288,4.833608191,3,12,28
E01002535,Hillingdon 007E,6612.3469,1653.086725,4,0.016055333,3.742131805,154,30,318
E01002537,Hillingdon 009E,40770.5288,20385.2644,2,0.090930175,29.03883818,60,25,118
E01002563,Hounslow 006A,72280.4469,14456.08938,5,0.143280855,44.0197606,19,30,110
E01002565,Hounslow 006B,134400.0202,67200.0101,2,0.296614673,47.50796048,48,82,248
E01002567,Hounslow 006C,17016.2161,17016.2161,1,0.077916765,9.818936007,19,30,140
E01002569,Hounslow 001A,13077.089,4359.029667,3,0.063790402,7.41331576,11,21,110
E01002570,Hounslow 001B,635.8837,635.8837,1,0.004324924,0.37805214,86,59,258
E01002571,Hounslow 007A,37086.8746,12362.29153,3,0.185990481,27.99009404,6,6,61
E01002573,Hounslow 001C,88.2582,88.2582,1,0.00048793,0.053489818,48,19,182
E01002574,Hounslow 001D,10617.5937,5308.79685,2,0.065678232,6.907998504,54,17,154
E01002575,Hounslow 001E,23365.6335,11682.81675,2,0.102864704,13.39004785,24,19,130
E01002577,Hounslow 007C,181646.3437,181646.3437,1,0.51389434,111.0986812,16,19,113
E01002578,Hounslow 007D,59047.7104,59047.7104,1,0.117845964,39.3127233,17,40,135
E01002579,Hounslow 008B,37440.6445,9360.161125,4,0.092136135,21.4436681,14,16,108
E01002581,Hounslow 008D,17886.6174,2981.1029,6,0.097253206,9.616460968,17,18,101
E01002582,Hounslow 008E,17472.385,4368.09625,4,0.100074299,10.47505096,15,24,97
E01002658,Hounslow 015D,646.1272,646.1272,1,0.003669349,0.484716579,5,16,60
E01002668,Hounslow 014A,38951.0359,12983.67863,3,0.115075949,19.34013699,27,50,149
E01002676,Hounslow 012E,650990.3915,216996.7972,3,0.680467044,379.5862341,7,26,119
E01002678,Hounslow 009B,1763573.817,176357.3817,10,0.478399051,950.713648,169,45,389
E01002679,Hounslow 009C,6936.7939,3468.39695,2,0.014959081,3.894887086,31,34,165
E01002680,Hounslow 009D,23644.1267,11822.06335,2,0.05795693,12.11276983,24,79,239
E01002682,Hounslow 014D,18131.5098,18131.5098,1,0.041714256,7.798498839,29,35,182
E01002683,Hounslow 014E,38163.4758,19081.7379,2,0.152286139,14.86116659,20,50,155
E01002684,Hounslow 006D,57175.2914,28587.6457,2,0.144608508,24.14497103,52,87,285
E01002691,Hounslow 029B,25861.8606,12930.9303,2,0.051065569,16.20417331,47,18,156
E01002692,Hounslow 029C,25234.7598,12617.3799,2,0.075507601,14.1609202,70,42,297
E01002693,Hounslow 029D,32171.8057,16085.90285,2,0.155604965,18.99162084,145,54,385
E01002696,Islington 020A,653.9673,653.9673,1,0.004425011,0.360710039,407,129,704
E01002698,Islington 017A,757.238,757.238,1,0.006951425,0.367056714,46,43,170
E01002699,Islington 017B,1338.7592,669.3796,2,0.014688033,0.888360451,15,19,84
E01002700,Islington 017C,44470.9286,11117.73215,4,0.246664651,30.08858498,23,21,85
E01002704,Islington 023D,27195.8373,6798.959325,4,0.081663141,12.3729924,629,223,1215
E01002707,Islington 022B,1836.1624,918.0812,2,0.01553581,1.063825261,107,41,229
E01002711,Islington 021B,10348.783,10348.783,1,0.068528521,5.337175348,397,114,736
E01002714,Islington 017D,12121.289,6060.6445,2,0.106871331,7.138568316,49,21,141
E01002717,Islington 016A,11034.7054,5517.3527,2,0.090183038,8.391410951,9,18,81
E01002719,Islington 016B,3550.2014,3550.2014,1,0.023830688,2.382685503,39,30,148
E01002721,Islington 014C,24809.8765,24809.8765,1,0.2046425,14.88294931,22,36,109
E01002724,Islington 022D,8690.1468,1738.02936,5,0.033223016,4.404534617,379,131,746
E01002726,Islington 022F,13759.5408,6879.7704,2,0.083033845,8.132116312,190,39,351
E01002727,Islington 021C,4451.5588,4451.5588,1,0.038829654,2.741107635,57,53,173
E01002729,Islington 021E,9743.1019,3247.700633,3,0.073474538,6.11619705,90,35,215
E01002738,Islington 009A,58329.432,58329.432,1,0.227311114,32.67755294,38,30,158
E01002739,Islington 013A,17.2565,17.2565,1,0.000143935,0.009404087,57,34,185
E01002740,Islington 013B,61204.5969,61204.5969,1,0.280898739,33.51839918,116,43,290
E01002743,Islington 009C,150.4314,150.4314,1,0.001570864,0.089970933,30,36,113
E01002745,Islington 013C,141.42,141.42,1,0.001288178,0.096400818,25,36,129
E01002754,Islington 002B,8129.9237,4064.96185,2,0.066356715,5.391196088,8,22,109
E01002756,Islington 001B,13606.2598,13606.2598,1,0.118155291,10.21490976,13,32,139
E01002759,Islington 002D,7675.7099,7675.7099,1,0.071076416,4.660418883,14,29,110
E01002762,Islington 011C,2486.613,1243.3065,2,0.015253429,1.275840431,32,70,212
E01002769,Islington 008A,38590.3324,12863.44413,3,0.180246376,18.79704452,35,26,169
E01002770,Islington 004B,59.4663,59.4663,1,0.000281193,0.038589422,255,161,720
E01002774,Islington 004E,29450.7563,9816.918767,3,0.166101496,13.95770441,44,53,202
E01002776,Islington 014E,4301.9136,4301.9136,1,0.038036027,2.589954004,33,35,143
E01002779,Islington 012C,4679.7549,4679.7549,1,0.04192186,2.474751401,66,50,218
E01002788,Islington 008C,2563.6387,1281.81935,2,0.020461508,1.385001999,29,20,121
E01002791,Islington 016E,5302.8796,1767.626533,3,0.036761216,3.436733377,68,35,181
E01002792,Islington 017E,3091.58,1545.79,2,0.029216725,1.654135902,111,36,236
E01002793,Islington 016F,8223.3278,1644.66556,5,0.078335194,4.316707507,37,52,205
E01002794,Islington 020B,10756.9051,2689.226275,4,0.058835127,6.094563796,517,97,805
E01002795,Islington 013D,25985.4881,8661.829367,3,0.146872736,13.01226244,203,124,518
E01002796,Islington 013E,6891.1587,6891.1587,1,0.089123157,6.63249153,11,20,81
E01002798,Islington 018C,7789.5518,1557.91036,5,0.055896212,3.964148499,41,51,200
E01002801,Islington 020C,2354.3987,784.7995667,3,0.0224892,1.516032646,91,58,254
E01002802,Islington 020D,5086.062,1695.354,3,0.046785675,3.436528378,28,22,96
E01002803,Islington 020E,7528.9662,1254.8277,6,0.042434397,3.649523122,348,99,653
E01002805,Islington 003B,1044.3786,522.1893,2,0.00813567,0.66563327,80,40,247
E01002806,Islington 003C,2618.0683,2618.0683,1,0.023545086,1.641422132,23,25,129
E01002808,Islington 003D,18652.158,18652.158,1,0.141431252,9.780890404,34,38,153
E01002812,Kensington and Chelsea 013A,2578.2319,1289.11595,2,0.028531393,1.344930569,32,22,100
E01002813,Kensington and Chelsea 011A,1894.9279,1894.9279,1,0.017274753,1.072398359,33,19,130
E01002814,Kensington and Chelsea 015A,164.4743,164.4743,1,0.001132673,0.084087065,69,60,303
E01002817,Kensington and Chelsea 011D,13.8113,13.8113,1,8.73962E-05,0.008664555,78,37,226
E01002819,Kensington and Chelsea 012B,9642.254,3214.084667,3,0.04449733,6.079605296,371,87,689
E01002821,Kensington and Chelsea 014A,1800.1367,450.034175,4,0.009523925,1.263253825,200,39,381
E01002823,Kensington and Chelsea 014B,623.9343,623.9343,1,0.007552866,0.455759167,18,42,113
E01002824,Kensington and Chelsea 008A,31826.6688,15913.3344,2,0.210990047,20.95238236,19,22,95
E01002825,Kensington and Chelsea 008B,3459.477,691.8954,5,0.018034835,1.782316847,66,49,188
E01002826,Kensington and Chelsea 008C,80458.5698,16091.71396,5,0.361739817,51.87528678,189,44,315
E01002827,Kensington and Chelsea 008D,29049.0633,29049.0633,1,0.114820941,15.83055221,108,27,260
E01002828,Kensington and Chelsea 008E,320.9001,160.45005,2,0.003303619,0.240915991,23,20,108
E01002829,Kensington and Chelsea 004A,2212.284,2212.284,1,0.038844796,1.509061392,49,38,203
E01002831,Kensington and Chelsea 004C,361.9121,361.9121,1,0.003235856,0.183061254,203,99,502
E01002832,Kensington and Chelsea 004D,1508.1012,1508.1012,1,0.01979325,0.886596825,173,76,368
E01002833,Kensington and Chelsea 007A,274.2635,274.2635,1,0.0037799,0.187851712,212,61,385
E01002835,Kensington and Chelsea 016C,114.9304,57.4652,2,0.000767764,0.073910225,190,70,456
E01002836,Kensington and Chelsea 016D,835.3682,417.6841,2,0.011324993,0.600984317,25,16,124
E01002837,Kensington and Chelsea 016E,2020.6217,1010.31085,2,0.03178171,1.486844518,16,8,60
E01002838,Kensington and Chelsea 020A,68.7934,68.7934,1,0.000975138,0.042178663,26,11,82
E01002841,Kensington and Chelsea 021B,9317.4752,1863.49504,5,0.082438077,6.811019883,18,40,174
E01002844,Kensington and Chelsea 019A,5168.1046,1033.62092,5,0.0418556,3.772339124,35,30,165
E01002845,Kensington and Chelsea 019B,572.0038,572.0038,1,0.008078748,0.421210457,21,13,112
E01002849,Kensington and Chelsea 017B,231.5788,231.5788,1,0.003572197,0.151854951,55,27,133
E01002859,Kensington and Chelsea 012C,326.4341,326.4341,1,0.002540846,0.200512346,223,48,402
E01002863,Kensington and Chelsea 012E,630.0962,630.0962,1,0.005027068,0.437263151,18,9,113
E01002864,Kensington and Chelsea 009A,147009.4824,29401.89648,5,0.492946027,98.0063216,50,20,164
E01002865,Kensington and Chelsea 011E,9054.7515,2263.687875,4,0.069387111,6.547181128,83,25,178
E01002867,Kensington and Chelsea 009C,3669.0476,1834.5238,2,0.035083883,1.85211893,62,46,227
E01002868,Kensington and Chelsea 009D,64408.7064,9201.243771,7,0.259686241,38.98832107,10,7,81
E01002869,Kensington and Chelsea 009E,1957.3276,1957.3276,1,0.019305409,1.298823889,39,40,160
E01002871,Kensington and Chelsea 007B,228.9466,228.9466,1,0.001754368,0.135873353,63,28,226
E01002872,Kensington and Chelsea 005B,13478.8077,6739.40385,2,0.138666737,9.321443776,21,17,104
E01002873,Kensington and Chelsea 007C,2863.9656,2863.9656,1,0.022075493,2.151739745,18,35,138
E01002875,Kensington and Chelsea 007E,1815.2447,1815.2447,1,0.011418526,1.307813184,21,14,113
E01002887,Kensington and Chelsea 010A,59.4757,59.4757,1,0.000806105,0.04245232,33,19,117
E01002888,Kensington and Chelsea 013E,1861.629,1861.629,1,0.022349678,0.895875361,42,18,115
E01002893,Kensington and Chelsea 017C,33706.6501,16853.32505,2,0.333063609,18.98966203,10,43,113
E01002894,Kensington and Chelsea 017D,35346.5181,35346.5181,1,0.35822813,25.24751293,36,44,145
E01002896,Kensington and Chelsea 020C,3674.91,3674.91,1,0.031848534,2.09755137,19,24,120
E01002897,Kensington and Chelsea 020D,85392.3625,42696.18125,2,0.597426717,64.98657725,30,39,116
E01002898,Kensington and Chelsea 017E,2045.7478,1022.8739,2,0.015913759,1.271440522,32,20,105
E01002900,Kensington and Chelsea 018B,3741.9622,1247.320733,3,0.028563872,2.616756783,17,14,115
E01002901,Kensington and Chelsea 018C,3512.0413,878.010325,4,0.010806847,2.80963304,12,7,72
E01002902,Kensington and Chelsea 018D,8853.1871,1770.63742,5,0.063758664,5.195532336,261,44,395
E01002903,Kensington and Chelsea 018E,3445.0224,1722.5112,2,0.031362336,2.27694805,94,13,185
E01002908,Kensington and Chelsea 003D,422.4952,211.2476,2,0.004329077,0.303734867,17,29,130
E01002910,Kensington and Chelsea 019C,4570.7336,1523.577867,3,0.032466555,3.293035735,15,23,98
E01002911,Kensington and Chelsea 019D,2526.352,1263.176,2,0.020761253,1.530195033,68,45,277
E01002914,Kensington and Chelsea 019E,18053.1303,9026.56515,2,0.101454605,11.54292219,100,34,246
E01002916,Kingston upon Thames 014B,104713.4004,52356.7002,2,0.238057788,70.84803816,8,17,61
E01002917,Kingston upon Thames 014C,1433.6729,1433.6729,1,0.005098474,1.026251181,2,2,32
E01002920,Kingston upon Thames 014D,156426.4775,39106.61938,4,0.337705553,97.52274158,6,9,48
E01002925,Kingston upon Thames 013B,51660.1224,25830.0612,2,0.223626217,31.98769189,13,36,85
E01002926,Kingston upon Thames 010B,26999.256,26999.256,1,0.093575117,17.58909186,13,13,55
E01002929,Kingston upon Thames 007A,16987.5898,16987.5898,1,0.028110537,10.40268818,28,22,91
E01002931,Kingston upon Thames 007C,73442.3698,18360.59245,4,0.240512005,39.69857827,23,27,108
E01002933,Kingston upon Thames 004A,8177.6051,8177.6051,1,0.049557865,4.099050175,10,38,96
E01002948,Kingston upon Thames 020C,249994.7186,31249.33983,8,0.047454727,118.8752823,83,55,220
E01002953,Kingston upon Thames 002B,100430.7181,50215.35905,2,0.086379092,76.78189457,23,16,86
E01002955,Kingston upon Thames 002C,204837.4425,22759.71583,9,0.418096506,148.7563126,9,23,105
E01002960,Kingston upon Thames 006B,8213.892,8213.892,1,0.030777649,5.048489244,15,13,69
E01002961,Kingston upon Thames 008D,3495.0865,3495.0865,1,0.010192832,1.997192286,10,18,54
E01002965,Kingston upon Thames 009A,47709.9347,47709.9347,1,0.134675565,20.52040202,68,58,199
E01002966,Kingston upon Thames 010C,26576.701,8858.900333,3,0.053323968,13.91450314,26,26,88
E01002967,Kingston upon Thames 009B,7700.5901,7700.5901,1,0.039027004,4.144558719,24,17,72
E01002968,Kingston upon Thames 009C,52960.2207,13240.05518,4,0.095044669,20.12931231,1638,537,2824
E01002971,Kingston upon Thames 005C,103988.4917,34662.83057,3,0.327650687,60.84756682,11,35,106
E01002978,Kingston upon Thames 015B,20101.4259,10050.71295,2,0.055481915,11.41477905,19,27,80
E01002979,Kingston upon Thames 015C,51029.3984,12757.3496,4,0.151770279,32.94344635,3,14,42
E01002981,Kingston upon Thames 012D,12527.4168,12527.4168,1,0.032913057,8.113611917,4,8,24
E01002983,Kingston upon Thames 015E,115958.2216,115958.2216,1,0.1803623,71.31501943,7,20,77
E01002988,Kingston upon Thames 011C,48431.8475,24215.92375,2,0.170082908,25.41020331,20,26,90
E01002989,Kingston upon Thames 011D,4532.4344,4532.4344,1,0.029702426,2.476740109,27,16,63
E01002990,Kingston upon Thames 009D,1153.2133,1153.2133,1,0.006870526,0.686436488,17,13,53
E01002992,Kingston upon Thames 010D,45567.7116,45567.7116,1,0.137992099,26.00896781,5,18,33
E01003006,Kingston upon Thames 001A,51296.6726,3419.778173,15,0.158691023,34.19778173,5,21,61
E01003009,Kingston upon Thames 001D,42417.8411,14139.28037,3,0.141652034,22.38408501,7,23,71
E01003010,Kingston upon Thames 001E,28257.4109,5651.48218,5,0.092827755,18.87602599,23,16,63
E01003011,Kingston upon Thames 004E,87236.9851,21809.24628,4,0.348395785,50.10740098,20,13,101
E01003013,Lambeth 036A,41834.9755,4183.49755,10,0.121708373,25.52469524,613,237,1155
E01003016,Lambeth 036C,17294.9593,3458.99186,5,0.107331334,12.79212966,184,42,333
E01003017,Lambeth 036D,4072.1225,4072.1225,1,0.031022893,2.448660553,156,82,354
E01003018,Lambeth 020A,2015.6297,2015.6297,1,0.013225415,0.969518855,104,89,375
E01003026,Lambeth 019A,214903.6493,214903.6493,1,0.620186635,144.8137799,94,38,246
E01003030,Lambeth 019D,45875.5761,45875.5761,1,0.277525031,25.55742401,61,39,189
E01003034,Lambeth 012A,4942.0694,1647.356467,3,0.044224209,2.822426842,24,16,101
E01003039,Lambeth 013C,22754.3009,11377.15045,2,0.123080833,11.14314442,164,63,395
E01003040,Lambeth 013D,34027.6775,34027.6775,1,0.219658574,26.41900427,11,19,113
E01003064,Lambeth 028A,11169.3148,11169.3148,1,0.072292824,7.271689323,16,19,99
E01003074,Lambeth 018E,509834.9056,254917.4528,2,0.71783706,215.6662037,100,72,364
E01003078,Lambeth 014E,22934.7561,22934.7561,1,0.114388712,14.51566842,16,15,92
E01003090,Lambeth 012D,1065.2946,1065.2946,1,0.007694535,0.467439491,196,96,441
E01003094,Lambeth 010C,3104.9483,3104.9483,1,0.039288722,2.017510266,15,23,103
E01003100,Lambeth 005C,805.9649,805.9649,1,0.007645409,0.415017971,58,36,210
E01003102,Lambeth 004A,11192.4322,3730.810733,3,0.066289094,6.439834407,229,150,611
E01003116,Lambeth 029A,3490.8885,3490.8885,1,0.012434928,2.184535982,7,18,69
E01003118,Lambeth 029C,3732.3493,1866.17465,2,0.017311403,2.151209971,176,69,359
E01003123,Lambeth 006C,6437.8467,3218.92335,2,0.044410357,4.323604231,11,28,110
E01003131,Lambeth 026B,9067.7526,9067.7526,1,0.049351695,6.266587837,68,62,264
E01003138,Lambeth 026D,5104.245,2552.1225,2,0.037679483,3.320914118,7,12,89
E01003144,Lambeth 034C,278366.4355,55673.2871,5,0.550517211,177.4164662,265,37,414
E01003149,Lambeth 030D,900.8942,450.4471,2,0.003337898,0.503011837,5,20,72
E01003156,Lambeth 023B,423.1424,423.1424,1,0.0036314,0.272117299,3,21,73
E01003157,Lambeth 023C,208.6928,208.6928,1,0.00125933,0.134727437,8,14,69
E01003158,Lambeth 023D,6351.1085,3175.55425,2,0.051216521,3.979391291,6,4,61
E01003161,Lambeth 023E,3038.0768,3038.0768,1,0.025047708,2.43046144,11,19,68
E01003163,Lambeth 023F,2794.323,2794.323,1,0.013918485,1.844437624,10,15,93
E01003169,Lambeth 025D,191.4325,191.4325,1,0.000991948,0.077976578,39,71,245
E01003170,Lambeth 025E,508.4675,254.23375,2,0.001566413,0.273516676,12,19,170
E01003178,Lambeth 020E,3672.5409,3672.5409,1,0.03486532,2.288187477,16,32,124
E01003186,Lambeth 007D,20455.6902,20455.6902,1,0.09791681,10.50086766,98,55,284
E01003199,Lewisham 007A,8627.5252,8627.5252,1,0.027240179,4.992780787,45,95,325
E01003200,Lewisham 009B,523765.242,174588.414,3,0.701256355,337.2602975,58,63,225
E01003206,Lewisham 007E,16114.7441,16114.7441,1,0.078100233,10.18631106,2,15,62
E01003211,Lewisham 008B,2095.9056,2095.9056,1,0.010355167,1.338381609,12,40,164
E01003225,Lewisham 015A,29248.5155,14624.25775,2,0.136620185,19.40843762,12,27,83
E01003227,Lewisham 019B,28595.2224,14297.6112,2,0.116660669,17.24681689,9,13,58
E01003228,Lewisham 019C,66.3963,66.3963,1,0.00046155,0.043912897,10,22,79
E01003254,Lewisham 021A,59382.5614,59382.5614,1,0.18524052,41.32398149,20,12,93
E01003255,Lewisham 021B,1286.8051,1286.8051,1,0.006979101,0.682293266,76,66,265
E01003260,Lewisham 021C,180.3788,180.3788,1,0.000849772,0.098891886,6,31,101
E01003271,Lewisham 023E,845.3913,422.69565,2,0.002818721,0.507133353,7,8,62
E01003274,Lewisham 014B,7749.5887,3874.79435,2,0.051882118,4.495121056,15,34,124
E01003276,Lewisham 014D,111355.787,55677.8935,2,0.241072773,58.48518225,15,32,119
E01003279,Lewisham 011D,20518.6096,20518.6096,1,0.113709009,12.88048311,9,17,63
E01003282,Lewisham 013A,7820.5836,3910.2918,2,0.036161006,3.234319107,19,53,157
E01003283,Lewisham 013B,39172.9957,39172.9957,1,0.170191805,18.58301504,34,43,150
E01003341,Lewisham 006D,37668.6853,37668.6853,1,0.21006138,24.97923428,10,17,65
E01003355,Merton 009A,550.059,550.059,1,0.003764536,0.347918406,31,22,99
E01003356,Merton 009B,60963.9605,15240.99013,4,0.134845283,34.69775783,22,16,86
E01003359,Merton 006A,6652.3755,3326.18775,2,0.039558925,3.838647144,25,38,135
E01003360,Merton 006B,63.7853,63.7853,1,0.000461421,0.037809899,55,25,157
E01003365,Merton 021D,97133.5521,97133.5521,1,0.290758214,68.9379362,4,6,29
E01003367,Merton 005A,92311.1484,11538.89355,8,0.199231883,38.44695893,191,77,410
E01003370,Merton 005C,5621.3185,2810.65925,2,0.036929707,2.840484336,62,42,186
E01003383,Merton 009D,14986.9001,7493.45005,2,0.059400502,9.763452834,144,85,316
E01003384,Merton 009E,989.924,989.924,1,0.006525947,0.650837607,8,19,68
E01003385,Merton 011C,34764.5058,34764.5058,1,0.17531461,21.98893472,9,12,45
E01003399,Merton 011D,1380.2227,1380.2227,1,0.010702654,1.005260524,14,13,59
E01003402,Merton 004B,2946.4712,2946.4712,1,0.012749906,1.898499485,69,22,149
E01003403,Merton 004C,1372.7976,1372.7976,1,0.005508415,0.8879674,6,5,42
E01003404,Merton 004D,1061.4574,1061.4574,1,0.004965837,0.634084468,12,11,62
E01003423,Merton 011E,22222.5082,11111.2541,2,0.10912231,14.35562545,23,21,90
E01003424,Merton 015B,39.3417,19.67085,2,0.000131731,0.025663209,7,2,40
E01003425,Merton 015C,15926.8851,7963.44255,2,0.058461167,11.06033688,4,12,48
E01003426,Merton 015D,114880.2972,38293.4324,3,0.290657056,65.6834175,10,19,81
E01003428,Merton 015E,42421.8837,10605.47093,4,0.139447273,29.11591194,10,10,57
E01003444,Merton 010C,43989.9105,21994.95525,2,0.165421885,28.25299326,9,8,52
E01003445,Merton 010D,72712.587,36356.2935,2,0.151542845,42.44751138,8,20,83
E01003455,Merton 005E,61920.1348,10320.02247,6,0.287589106,39.21477821,21,24,92
E01003456,Merton 003C,23505.9386,23505.9386,1,0.09917194,15.19453045,238,108,478
E01003459,Merton 006E,35002.461,17501.2305,2,0.186867613,16.77166315,19,42,130
E01003460,Merton 002A,1837937.538,229742.1922,8,0.516272096,1226.109098,29,25,137
E01003462,Merton 002B,32890.6967,10963.56557,3,0.07480056,22.46632288,4,8,52
E01003463,Merton 010E,33502.2874,33502.2874,1,0.061750311,25.95064864,12,7,54
E01003464,Merton 002C,59088.0581,29544.02905,2,0.074918367,42.41784501,24,21,106
E01003465,Merton 002D,14098.5889,7049.29445,2,0.02289594,10.84506838,14,12,89
E01003466,Merton 020A,2033.7623,2033.7623,1,0.008602857,1.277488882,7,12,53
E01003467,Merton 020B,10343.043,2068.6086,5,0.026285895,6.392486403,4,12,62
E01003468,Merton 020C,182612.1447,36522.42894,5,0.389072658,107.4821334,8,8,51
E01003471,Merton 016E,3210.6917,3210.6917,1,0.010197579,2.037240926,80,36,188
E01003473,Merton 001B,61465.5068,61465.5068,1,0.297517794,45.42905159,17,8,57
E01003474,Merton 001C,110741.4862,110741.4862,1,0.183206729,78.48439844,8,4,45
E01003475,Merton 001D,55223.0806,18407.69353,3,0.07705051,21.99246539,102,39,244
E01003476,Merton 003D,3.5364,3.5364,1,2.05776E-05,0.002518803,11,25,72
E01003477,Merton 003E,29488.2187,14744.10935,2,0.160242314,19.21056593,16,15,83
E01003478,Merton 001E,35335.79,35335.79,1,0.106031579,21.55935937,20,11,80
E01003482,Newham 033B,55345.4621,13836.36553,4,0.015410205,21.01194461,455,149,1019
E01003559,Newham 009D,40.7611,40.7611,1,0.000262256,0.015647255,50,56,226
E01003617,Newham 012B,260.0443,260.0443,1,0.001143961,0.093912712,829,356,1730
E01003618,Newham 012C,165.3116,165.3116,1,0.001026003,0.075381487,101,90,333
E01003668,Redbridge 007A,664.6727,664.6727,1,0.003020538,0.409785882,26,33,158
E01003669,Redbridge 007B,1516.4386,758.2193,2,0.008236814,0.992433639,53,12,142
E01003670,Redbridge 007C,6857.7408,3428.8704,2,0.028824756,4.584051337,11,23,73
E01003671,Redbridge 007D,8510.6225,4255.31125,2,0.041235928,5.551612851,5,8,51
E01003673,Redbridge 007F,2428.9259,809.6419667,3,0.012455055,1.366100056,9,14,79
E01003674,Redbridge 007G,11553.7545,11553.7545,1,0.042685502,5.426845702,91,48,234
E01003678,Redbridge 036D,49212.3894,49212.3894,1,0.183302305,30.66192486,4,29,70
E01003682,Redbridge 036H,73578.3568,73578.3568,1,0.266073642,43.38346509,2,12,72
E01003703,Redbridge 006F,585002.1232,195000.7077,3,0.59109262,233.9072864,13,24,106
E01003744,Redbridge 001A,257776.1656,36825.16651,7,0.385937923,192.8019189,6,4,58
E01003745,Redbridge 001B,139981.7184,69990.8592,2,0.284191566,97.54823582,1,9,57
E01003746,Redbridge 001C,43268.1195,14422.7065,3,0.068268724,29.11717328,9,27,92
E01003747,Redbridge 001D,1894.3822,1894.3822,1,0.006463438,1.410560089,2,5,54
E01003748,Redbridge 001E,33345.4014,16672.7007,2,0.081671431,21.58278408,27,22,131
E01003750,Redbridge 001G,23801.3144,7933.771467,3,0.063511581,14.24375488,21,25,129
E01003752,Redbridge 023A,2059.3043,2059.3043,1,0.009048599,0.826366091,8,39,123
E01003762,Redbridge 009D,28341.6372,28341.6372,1,0.112850586,17.49483778,5,29,104
E01003764,Redbridge 009F,465.7999,232.89995,2,0.000867078,0.237410754,11,31,114
E01003765,Redbridge 009G,5011.8652,5011.8652,1,0.021996657,3.184158323,15,17,90
E01003774,Redbridge 014A,7952.304,7952.304,1,0.030597763,4.508108844,8,29,106
E01003775,Redbridge 014B,9102.8856,9102.8856,1,0.027569728,5.243597696,8,18,82
E01003778,Redbridge 014E,57914.461,9652.410167,6,0.163909911,31.49236596,109,43,306
E01003780,Redbridge 014G,5393.655,5393.655,1,0.017984302,3.557819921,1,7,68
E01003789,Redbridge 018A,27815.8047,13907.90235,2,0.090233775,19.26302265,19,16,104
E01003790,Redbridge 027A,507202.7201,169067.5734,3,0.593003029,357.941228,11,18,103
E01003791,Redbridge 027B,831378.7218,277126.2406,3,0.641078079,558.7222593,10,13,105
E01003792,Redbridge 027C,598665.2139,598665.2139,1,0.77101977,421.0022601,6,26,92
E01003794,Redbridge 018B,19620.6432,9810.3216,2,0.054990021,13.3292413,11,10,69
E01003795,Redbridge 018C,144515.6415,36128.91038,4,0.181807803,122.6788128,6,14,89
E01003796,Redbridge 018D,17849.7278,8924.8639,2,0.072908561,11.39829361,6,9,79
E01003797,Richmond upon Thames 001A,117759.5339,16822.79056,7,0.276157952,79.62105064,14,6,87
E01003798,Richmond upon Thames 001B,10654.9861,1522.140871,7,0.048673374,7.089145775,16,20,96
E01003799,Richmond upon Thames 001C,217604.3057,12800.25328,17,0.260688493,134.2407808,17,22,125
E01003800,Richmond upon Thames 001D,13649.9098,6824.9549,2,0.053295249,8.677628608,10,21,58
E01003801,Richmond upon Thames 001E,10959.4829,2739.870725,4,0.034879898,8.296353444,41,14,87
E01003802,Richmond upon Thames 001F,10057.2167,2514.304175,4,0.025613338,7.573205346,6,4,34
E01003805,Richmond upon Thames 012A,430998.7782,86199.75564,5,0.539937871,257.6203097,17,5,74
E01003806,Richmond upon Thames 012B,2971384.329,594276.8657,5,0.715869105,1851.3298,5,8,50
E01003808,Richmond upon Thames 005C,22.2386,22.2386,1,0.000166742,0.012479574,15,12,72
E01003809,Richmond upon Thames 005D,47303.9899,23651.99495,2,0.119442424,27.26454749,16,16,120
E01003811,Richmond upon Thames 018A,25809.298,25809.298,1,0.146150168,16.67267313,6,22,69
E01003812,Richmond upon Thames 018B,29188.5818,29188.5818,1,0.100276135,15.89792037,15,34,108
E01003813,Richmond upon Thames 019B,7573.2445,7573.2445,1,0.024063776,4.64616227,9,9,63
E01003814,Richmond upon Thames 019C,180820.8653,60273.62177,3,0.427950653,105.4964208,6,25,64
E01003815,Richmond upon Thames 019D,278872.4984,92957.49947,3,0.536425786,155.1015008,32,40,132
E01003816,Richmond upon Thames 012C,2275148.086,142196.7554,16,0.746798974,1332.834262,16,23,104
E01003817,Richmond upon Thames 012D,3156032.908,315603.2908,10,0.769572637,1649.78197,32,29,129
E01003818,Richmond upon Thames 017A,277607.7129,27760.77129,10,0.576680205,177.9536621,9,15,68
E01003821,Richmond upon Thames 008A,88017.5157,5501.094731,16,0.297829127,58.17416768,21,18,131
E01003822,Richmond upon Thames 023A,34622.9861,11540.99537,3,0.091592384,23.97713719,4,5,49
E01003823,Richmond upon Thames 023B,2126968.289,118164.905,18,0.496702841,1298.515439,38,39,153
E01003824,Richmond upon Thames 023C,33130.2296,33130.2296,1,0.101938769,19.945954,4,8,39
E01003825,Richmond upon Thames 023D,83315.7277,83315.7277,1,0.240859555,47.28474898,5,12,55
E01003827,Richmond upon Thames 023F,51998.6575,25999.32875,2,0.11631768,30.37304761,26,30,121
E01003828,Richmond upon Thames 020A,12953.3476,6476.6738,2,0.041523576,8.53879209,9,16,59
E01003830,Richmond upon Thames 020C,1913.4833,1913.4833,1,0.003776771,1.08720642,9,19,73
E01003834,Richmond upon Thames 022A,462286.35,57785.79375,8,0.425387068,268.7711337,34,39,130
E01003835,Richmond upon Thames 022B,13890.4582,13890.4582,1,0.038770059,9.096567256,10,14,53
E01003836,Richmond upon Thames 022C,456.0513,456.0513,1,0.001794781,0.30302412,6,15,57
E01003837,Richmond upon Thames 022D,115612.2021,28903.05053,4,0.22523825,63.80364354,29,24,110
E01003838,Richmond upon Thames 022E,110.6045,110.6045,1,0.000366236,0.061928611,25,24,106
E01003839,Richmond upon Thames 022F,12858.0216,6429.0108,2,0.055598058,6.872272368,14,33,102
E01003844,Richmond upon Thames 013E,32064.2282,32064.2282,1,0.112321237,22.11326083,8,7,72
E01003847,Richmond upon Thames 002B,66231.1379,11038.52298,6,0.041483015,41.86544747,45,19,166
E01003848,Richmond upon Thames 004A,10801.6323,10801.6323,1,0.054074206,5.974354148,19,25,85
E01003849,Richmond upon Thames 002C,388.5718,388.5718,1,0.001941605,0.253306258,14,17,90
E01003851,Richmond upon Thames 002D,35964.7652,5994.127533,6,0.146030623,21.30614052,19,9,148
E01003852,Richmond upon Thames 003A,435270.9472,31090.78194,14,0.647732532,328.7544918,22,8,85
E01003853,Richmond upon Thames 003B,107664.775,21532.955,5,0.361932209,70.13991857,9,22,83
E01003854,Richmond upon Thames 003C,10231.2801,2046.25602,5,0.071258859,7.240821019,35,21,117
E01003855,Richmond upon Thames 003D,23495.5318,2610.614644,9,0.080175596,13.91091285,23,45,174
E01003856,Richmond upon Thames 003E,13041.9289,1449.103211,9,0.104896272,8.317556696,15,24,87
E01003857,Richmond upon Thames 003F,1706.0681,1706.0681,1,0.011623988,0.973783162,11,12,73
E01003858,Richmond upon Thames 003G,14658.7268,14658.7268,1,0.088718488,8.949161661,26,13,95
E01003859,Richmond upon Thames 005E,2180.3332,2180.3332,1,0.011149721,1.344225154,7,37,88
E01003860,Richmond upon Thames 002E,302350.6888,50391.78147,6,0.197931838,178.7999342,37,52,197
E01003864,Richmond upon Thames 002F,5763.7849,5763.7849,1,0.022504512,3.93164045,30,14,105
E01003866,Richmond upon Thames 007A,6846.0778,3423.0389,2,0.044897205,4.313848645,12,15,57
E01003867,Richmond upon Thames 011A,665.8204,332.9102,2,0.001626321,0.446260322,52,56,169
E01003869,Richmond upon Thames 011B,51190.0241,17063.34137,3,0.160270451,31.65740513,15,13,78
E01003870,Richmond upon Thames 011C,63613.7483,12722.74966,5,0.148085853,34.01804722,31,24,102
E01003871,Richmond upon Thames 007C,6181.0946,1236.21892,5,0.031435092,3.748389691,7,25,92
E01003872,Richmond upon Thames 007D,3201.5552,3201.5552,1,0.010063454,2.206447416,15,18,109
E01003874,Richmond upon Thames 006B,1331.1204,1331.1204,1,0.0093963,0.870582341,16,11,77
E01003875,Richmond upon Thames 006C,80193.0422,26731.01407,3,0.159489275,49.71670316,17,17,104
E01003876,Richmond upon Thames 008B,82667.4468,6359.034369,13,0.174772459,51.95942602,513,140,1040
E01003877,Richmond upon Thames 008C,524.0637,524.0637,1,0.003327771,0.353619231,11,8,67
E01003878,Richmond upon Thames 006D,766979.1297,255659.7099,3,0.769093228,550.2002365,18,41,153
E01003880,Richmond upon Thames 016A,23394.2666,4678.85332,5,0.102730243,15.93614891,19,16,69
E01003881,Richmond upon Thames 016B,225.2912,225.2912,1,0.000684987,0.122640827,16,15,55
E01003882,Richmond upon Thames 014A,232.4701,232.4701,1,0.001092447,0.129365665,38,30,131
E01003883,Richmond upon Thames 014B,18057.2362,6019.078733,3,0.092339342,10.17309082,19,30,77
E01003884,Richmond upon Thames 016C,5269.6327,2634.81635,2,0.018465059,3.305917629,20,34,105
E01003885,Richmond upon Thames 016D,34864.2223,11621.40743,3,0.079180501,22.99750811,15,19,65
E01003886,Richmond upon Thames 021A,1778.348,889.174,2,0.008695841,1.046702766,27,22,111
E01003887,Richmond upon Thames 021B,1976.4389,1976.4389,1,0.009166145,1.146426276,31,19,105
E01003888,Richmond upon Thames 021C,408612.2577,204306.1289,2,0.511244596,214.2696684,65,53,177
E01003889,Richmond upon Thames 021D,2211004.47,2211004.47,1,0.875063031,1244.934949,14,16,76
E01003891,Richmond upon Thames 018D,28718.3529,5743.67058,5,0.095423671,16.74539528,21,21,85
E01003892,Richmond upon Thames 009A,128225.655,14247.295,9,0.314951561,63.73044483,8,14,66
E01003893,Richmond upon Thames 009B,2419.9832,2419.9832,1,0.011023516,1.497514356,16,11,64
E01003895,Richmond upon Thames 009D,177474.0997,35494.81994,5,0.394348099,103.3027356,29,22,118
E01003896,Richmond upon Thames 014C,43751.6945,2734.480906,16,0.145113634,26.58061634,166,95,383
E01003897,Richmond upon Thames 014D,2266.2176,1133.1088,2,0.011561197,1.286892447,61,66,218
E01003899,Richmond upon Thames 015B,5257.3184,657.1648,8,0.030966182,3.817950908,32,19,89
E01003901,Richmond upon Thames 015D,67218.9008,11203.15013,6,0.240282732,40.98713463,5,8,44
E01003904,Richmond upon Thames 015G,61178.0606,6797.562289,9,0.248694258,39.82946654,10,21,69
E01003909,Richmond upon Thames 010E,896.2245,896.2245,1,0.004045897,0.571207457,68,41,186
E01003910,Richmond upon Thames 011D,6444.5148,3222.2574,2,0.022080436,3.953690061,5,13,46
E01003913,Southwark 024A,1310.0146,1310.0146,1,0.005605944,0.709266161,80,148,411
E01003914,Southwark 024B,17242.6025,17242.6025,1,0.117377989,9.360804832,33,37,141
E01003927,Southwark 002A,8905.268,8905.268,1,0.031201812,3.746431637,381,134,794
E01003929,Southwark 002B,9075.9228,1815.18456,5,0.038497298,4.299347608,816,129,1214
E01003934,Southwark 002C,4477.4364,1492.4788,3,0.019223896,3.148689451,344,77,609
E01003935,Southwark 002D,195.8339,195.8339,1,0.001397307,0.1459269,166,50,316
E01003936,Southwark 009A,11272.7216,11272.7216,1,0.116972545,6.109876206,37,17,101
E01003937,Southwark 009B,248.1768,248.1768,1,0.002707454,0.159804765,70,53,261
E01003939,Southwark 002E,4155.6208,2077.8104,2,0.027264765,2.246281514,562,154,974
E01003945,Southwark 033A,192921.1421,48230.28553,4,0.230637397,116.0079026,12,21,119
E01003948,Southwark 033D,21452.3957,21452.3957,1,0.080112995,13.69884783,15,25,124
E01003949,Southwark 032A,2444.6948,1222.3474,2,0.010727497,1.307323422,12,28,113
E01003951,Southwark 033E,69780.4596,17445.1149,4,0.065743664,45.84787096,34,26,173
E01003981,Southwark 006F,9587.1227,4793.56135,2,0.050361165,5.723655343,227,114,553
E01004015,Southwark 028C,404981.6427,404981.6427,1,0.707818756,259.9368695,17,46,151
E01004016,Southwark 029B,208782.3531,34797.05885,6,0.365555369,88.88137637,13,37,121
E01004017,Southwark 029C,113823.8657,28455.96643,4,0.321208317,73.52962901,10,15,77
E01004018,Southwark 032E,92967.5919,30989.1973,3,0.339146386,48.80188551,20,17,98
E01004022,Southwark 004C,0.2019,0.2019,1,8.90854E-07,8.13129E-05,101,116,405
E01004027,Southwark 003E,61717.2238,10286.20397,6,0.208182376,29.78630492,652,204,1139
E01004029,Southwark 001A,599.9205,599.9205,1,0.005483307,0.326932153,14,19,70
E01004048,Southwark 027C,30316.3632,10105.4544,3,0.076015148,19.10293837,40,33,157
E01004050,Southwark 024D,1.514,1.514,1,8.05926E-06,0.001026441,8,24,87
E01004053,Southwark 001C,731.9705,365.98525,2,0.004985223,0.398676743,21,23,99
E01004054,Southwark 001D,1066.8015,533.40075,2,0.008878175,0.644203804,29,24,106
E01004056,Southwark 008A,10486.1909,3495.396967,3,0.055818362,5.078058547,12,22,82
E01004057,Southwark 008B,52825.3012,26412.6506,2,0.215140781,35.21686747,13,27,103
E01004058,Southwark 008C,2595.5424,2595.5424,1,0.018457885,1.527688287,16,16,77
E01004059,Southwark 008D,16658.4268,16658.4268,1,0.053737149,11.202708,89,27,206
E01004061,Southwark 025A,18582.4517,9291.22585,2,0.089748965,10.61854383,72,29,201
E01004069,Southwark 031A,264038.6232,132019.3116,2,0.284222723,183.7429528,21,9,163
E01004070,Southwark 031B,15804.2605,15804.2605,1,0.049783301,7.961844081,12,24,138
E01004072,Southwark 030E,1144.0484,1144.0484,1,0.004046999,0.658255696,15,10,98
E01004073,Southwark 031C,2.8817,2.8817,1,1.45569E-05,0.001492336,10,13,91
E01004074,Southwark 031D,758.9693,758.9693,1,0.002169779,0.403063887,45,31,224
E01004075,Southwark 031E,190091.4952,190091.4952,1,0.325483719,102.8077313,34,18,176
E01004084,Sutton 024A,25646.7509,8548.916967,3,0.050111243,17.54223728,5,10,45
E01004085,Sutton 024B,273519.6192,54703.92384,5,0.338423834,171.4856547,6,19,70
E01004087,Sutton 017A,2223.8461,1111.92305,2,0.006264705,1.517983686,2,3,28
E01004093,Sutton 025A,72032.7965,36016.39825,2,0.179259427,47.32772438,4,13,42
E01004094,Sutton 025B,17711.0091,4427.752275,4,0.063504678,10.56112648,4,16,55
E01004095,Sutton 025C,3899.2094,3899.2094,1,0.013534995,2.580548908,2,8,33
E01004104,Sutton 020A,37790.3424,37790.3424,1,0.10348362,24.73189948,6,14,50
E01004105,Sutton 022C,14353.1506,7176.5753,2,0.036963484,7.890682023,9,19,64
E01004106,Sutton 022D,16798.2269,8399.11345,2,0.020659057,10.98641393,6,7,45
E01004108,Sutton 024C,429176.0216,61310.86023,7,0.093738435,250.3944117,12,33,98
E01004114,Sutton 025D,13845.8814,13845.8814,1,0.008972795,7.980335101,1,14,69
E01004120,Sutton 016D,5478.8479,2739.42395,2,0.019039341,3.562319831,6,17,60
E01004157,Sutton 016E,3927.7902,1309.2634,3,0.014866186,3.083037834,3,1,25
E01004180,Sutton 020D,104.064,104.064,1,0.000174054,0.060820573,3,17,45
E01004200,Tower Hamlets 005A,2376.1894,2376.1894,1,0.041171369,1.517362324,32,28,134
E01004208,Tower Hamlets 013C,20.0216,20.0216,1,0.000124358,0.010132389,301,153,692
E01004215,Tower Hamlets 028A,11486.3009,5743.15045,2,0.038168471,4.167743433,95,129,400
E01004216,Tower Hamlets 030B,5072.691,724.6701429,7,0.056357292,3.13322483,17,30,81
E01004218,Tower Hamlets 030D,12255.5067,3063.876675,4,0.085521141,7.003146686,24,29,104
E01004221,Tower Hamlets 028D,6032.95,6032.95,1,0.043931603,3.207309942,26,52,163
E01004225,Tower Hamlets 004A,7229.0755,3614.53775,2,0.056073909,3.319134757,39,49,185
E01004228,Tower Hamlets 003A,1912.6812,1912.6812,1,0.015312057,1.029984491,13,37,139
E01004232,Tower Hamlets 003C,51239.2624,17079.75413,3,0.269380046,30.77433177,73,71,309
E01004234,Tower Hamlets 003E,440017.7086,110004.4272,4,0.763734283,198.3849002,106,61,349
E01004254,Tower Hamlets 023B,25740.9747,3217.621838,8,0.154351,12.1419692,68,80,327
E01004258,Tower Hamlets 023D,20402.8855,4080.5771,5,0.204625603,13.54773274,21,24,97
E01004259,Tower Hamlets 007A,10831.1697,5415.58485,2,0.08205235,6.286227336,91,107,418
E01004270,Tower Hamlets 014B,182484.3433,45621.08583,4,0.626942274,81.61196033,71,68,330
E01004276,Tower Hamlets 031C,11.8792,11.8792,1,0.000150452,0.00586917,8,12,51
E01004277,Tower Hamlets 033A,18217.0794,3036.1799,6,0.041944803,11.17612233,302,86,529
E01004281,Tower Hamlets 031D,2497.1921,2497.1921,1,0.0201164,1.410842994,17,11,61
E01004291,Tower Hamlets 027A,27062.3153,4510.385883,6,0.239130792,14.67587598,34,18,124
E01004292,Tower Hamlets 026A,6332.2001,6332.2001,1,0.04224867,3.643383257,24,19,73
E01004293,Tower Hamlets 027B,23613.1251,2146.647736,11,0.072307776,11.11205887,286,53,471
E01004297,Tower Hamlets 027C,14567.3039,7283.65195,2,0.123548364,7.977712979,28,11,99
E01004306,Tower Hamlets 015A,2474.443,1237.2215,2,0.020704638,1.375454697,137,69,356
E01004307,Tower Hamlets 015B,13955.1472,6977.5736,2,0.065904037,6.383873376,456,123,875
E01004314,Tower Hamlets 006B,13066.5661,3266.641525,4,0.156831867,11.87869645,129,14,212
E01004317,Tower Hamlets 009D,29807.0563,9935.685433,3,0.108669826,11.01517232,361,143,897
E01004325,Tower Hamlets 021D,4841.9661,4841.9661,1,0.035750142,1.946910374,128,125,558
E01004352,Waltham Forest 002A,661956.6152,132391.323,5,0.451429065,344.7690704,19,49,165
E01004386,Waltham Forest 003C,97569.2729,32523.09097,3,0.258099322,58.74128411,4,17,70
E01004387,Waltham Forest 007E,62847.7289,31423.86445,2,0.235303639,41.89848593,3,8,36
E01004438,Waltham Forest 024C,29509.8746,14754.9373,2,0.11369786,14.29049617,233,94,500
E01004476,Wandsworth 021C,60183.9705,60183.9705,1,0.313886243,36.78726803,162,44,290
E01004477,Wandsworth 017A,47883.033,47883.033,1,0.233333813,28.63817763,13,13,90
E01004483,Wandsworth 026D,289330.6415,289330.6415,1,0.64087431,136.5411239,16,25,96
E01004484,Wandsworth 026E,146062.9815,146062.9815,1,0.471177201,95.90478102,6,14,78
E01004485,Wandsworth 030B,600.6644,600.6644,1,0.003947186,0.360110552,41,30,140
E01004486,Wandsworth 026F,135006.0702,135006.0702,1,0.502773527,91.34375521,5,24,79
E01004489,Wandsworth 030D,81879.9877,81879.9877,1,0.450317273,56.8216431,7,25,71
E01004490,Wandsworth 031A,12821.9301,12821.9301,1,0.101610005,8.491344437,14,20,74
E01004491,Wandsworth 031B,19481.1806,9740.5903,2,0.11352092,9.061014233,12,32,74
E01004492,Wandsworth 031C,31101.4082,15550.7041,2,0.111491668,18.0927331,45,24,132
E01004493,Wandsworth 019A,402.7153,402.7153,1,0.00288477,0.228685576,14,37,114
E01004496,Wandsworth 024B,211.4346,211.4346,1,0.001197884,0.108095399,63,48,209
E01004497,Wandsworth 024C,1443.7798,1443.7798,1,0.008590103,0.999155571,9,31,67
E01004498,Wandsworth 031D,113.9898,113.9898,1,0.000998338,0.066856188,13,13,73
E01004505,Wandsworth 014D,20751.4113,20751.4113,1,0.105103742,12.84121986,5,11,50
E01004506,Wandsworth 011A,5492.7504,2746.3752,2,0.027239911,2.856344462,41,40,167
E01004509,Wandsworth 010A,1011.5482,252.88705,4,0.002615674,0.461894155,177,121,587
E01004510,Wandsworth 012B,1978.9375,1978.9375,1,0.011920236,1.017448586,10,15,92
E01004512,Wandsworth 019B,3209.9602,3209.9602,1,0.027952901,2.148567738,9,15,74
E01004513,Wandsworth 018B,7541.5097,7541.5097,1,0.049753502,4.041537889,74,62,244
E01004514,Wandsworth 012C,5304.5476,1768.182533,3,0.032265038,3.148099466,22,41,165
E01004516,Wandsworth 036A,28962.4139,14481.20695,2,0.134828856,16.00133365,10,11,63
E01004523,Wandsworth 036E,113410.9112,113410.9112,1,0.370519844,71.68831302,9,26,105
E01004532,Wandsworth 032A,3.9089,3.9089,1,4.34115E-05,0.002628716,9,3,52
E01004534,Wandsworth 008A,36206.3987,12068.79957,3,0.140759909,19.57102632,37,49,213
E01004536,Wandsworth 008B,11645.8226,11645.8226,1,0.077592214,5.680889073,37,50,169
E01004540,Wandsworth 003B,7806.6899,7806.6899,1,0.056191624,3.747810802,36,63,218
E01004543,Wandsworth 027A,38682.6767,38682.6767,1,0.185188614,21.59836778,38,26,141
E01004548,Wandsworth 029D,901.7579,901.7579,1,0.005494832,0.439453168,106,52,237
E01004553,Wandsworth 015A,73904.4531,24634.8177,3,0.371878685,45.06369091,20,11,87
E01004554,Wandsworth 009A,296709.7465,296709.7465,1,0.73134033,184.6358099,13,9,69
E01004555,Wandsworth 017E,16388.771,16388.771,1,0.117752865,9.708987559,11,5,86
E01004558,Wandsworth 015C,95197.7531,95197.7531,1,0.424627938,55.67120064,11,10,79
E01004559,Wandsworth 015D,57748.1869,57748.1869,1,0.325485086,41.33728482,11,5,68
E01004560,Wandsworth 001A,583924.1641,145981.041,4,0.839508096,298.8352938,75,43,253
E01004564,Wandsworth 002D,23393.2856,11696.6428,2,0.060988901,13.23149638,26,55,181
E01004565,Wandsworth 005A,2729.1065,1364.55325,2,0.031352107,1.625435676,10,25,77
E01004566,Wandsworth 001B,26171.2475,26171.2475,1,0.274390991,16.70149809,17,18,112
E01004581,Wandsworth 004D,177.2208,88.6104,2,0.001593518,0.097534838,21,27,103
E01004582,Wandsworth 001C,5251.7491,2625.87455,2,0.03998188,2.446087145,16,25,122
E01004583,Wandsworth 001D,4187.5721,2093.78605,2,0.027822293,2.318699945,43,37,128
E01004588,Wandsworth 008E,1741.8705,1741.8705,1,0.010425146,0.891438332,191,91,425
E01004593,Wandsworth 025A,26234.5262,13117.2631,2,0.121627727,14.33580667,66,21,153
E01004595,Wandsworth 025B,68542.2798,22847.4266,3,0.300160511,39.01097314,21,24,107
E01004597,Wandsworth 025C,10664.0073,5332.00365,2,0.076798846,5.881967623,11,27,75
E01004598,Wandsworth 025D,19609.77,9804.885,2,0.137118617,11.14191477,4,23,98
E01004601,Wandsworth 018D,93906.6776,93906.6776,1,0.31048815,41.90391682,23,34,140
E01004604,Wandsworth 006A,186254.6458,11640.91536,16,0.494454694,110.4713202,7,3,40
E01004605,Wandsworth 006B,47860.0543,6837.150614,7,0.247859225,27.69679068,11,20,80
E01004606,Wandsworth 006C,92.3754,92.3754,1,0.000874134,0.056567912,37,25,138
E01004610,Wandsworth 033C,112587.8667,112587.8667,1,0.393897973,56.92005394,25,31,122
E01004611,Wandsworth 032B,4725.5444,4725.5444,1,0.038429008,2.949778027,16,34,103
E01004619,Wandsworth 015E,288622.9778,96207.65927,3,0.545550125,200.8510632,13,11,74
E01004621,Wandsworth 019D,130515.3712,43505.12373,3,0.296729626,77.41125219,8,27,107
E01004623,Wandsworth 019E,13288.9702,13288.9702,1,0.08895205,7.668188229,7,21,88
E01004624,Wandsworth 024E,108806.2415,54403.12075,2,0.272222294,68.34562908,17,21,107
E01004625,Wandsworth 027E,55631.3193,27815.65965,2,0.224301748,39.82198948,5,3,53
E01004626,Wandsworth 027F,593.7941,296.89705,2,0.00103186,0.317706849,45,245,399
E01004632,Wandsworth 028A,93418.7204,46709.3602,2,0.334609704,61.17794394,11,12,41
E01004638,Wandsworth 011B,4033.6864,2016.8432,2,0.014940726,2.783772533,10,15,73
E01004639,Wandsworth 011C,7208.807,1802.20175,4,0.032118242,4.181442575,64,24,148
E01004642,Wandsworth 016B,17169.5137,3433.90274,5,0.077190014,9.250815571,4,32,75
E01004643,Wandsworth 016C,22.1806,22.1806,1,0.000109659,0.011018679,13,40,102
E01004644,Wandsworth 016D,13862.3123,6931.15615,2,0.035308437,7.156588694,25,93,222
E01004647,Westminster 001A,957.6585,957.6585,1,0.004881087,0.647066554,53,19,141
E01004650,Westminster 002C,2296.5949,2296.5949,1,0.013008213,1.150598647,32,18,112
E01004654,Westminster 014B,451.2715,451.2715,1,0.003809228,0.198448329,99,65,359
E01004656,Westminster 014D,5223.2683,2611.63415,2,0.03434572,2.479007262,49,42,241
E01004676,Westminster 006A,2860.1583,2860.1583,1,0.035101943,1.697423323,18,33,103
E01004681,Westminster 016A,10933.149,5466.5745,2,0.061705196,5.142591251,104,50,268
E01004682,Westminster 016B,2175.5687,1087.78435,2,0.023937165,1.410874643,183,43,338
E01004683,Westminster 015B,11.7254,11.7254,1,8.93179E-05,0.007054994,37,23,151
E01004688,Westminster 019B,550410.9813,275205.4907,2,0.734046211,282.2620417,138,35,254
E01004689,Westminster 019C,1686311.149,337262.2298,5,0.877016624,1437.605413,504,127,1023
E01004690,Westminster 019D,1817.3979,1817.3979,1,0.007786235,1.298141357,51,30,197
E01004691,Westminster 019E,118546.1223,118546.1223,1,0.338853081,78.61148694,145,64,419
E01004692,Westminster 019F,6607.3816,6607.3816,1,0.044313073,4.208523312,37,14,101
E01004703,Westminster 007B,22152.4691,7384.156367,3,0.106806804,9.598123527,47,40,198
E01004706,Westminster 006B,72080.9167,72080.9167,1,0.519938145,45.05057294,23,12,80
E01004708,Westminster 006D,876.6555,876.6555,1,0.010788296,0.552050063,15,28,123
E01004712,Westminster 008C,5594.8348,2797.4174,2,0.056252886,3.33025881,169,34,319
E01004713,Westminster 011A,219.8336,219.8336,1,0.001229805,0.12019333,100,31,264
E01004716,Westminster 011C,332.8165,332.8165,1,0.001857586,0.233883696,71,30,164
E01004717,Westminster 011D,5978.282,2989.141,2,0.060652342,3.956506949,240,26,384
E01004725,Westminster 003B,41279.5353,6879.92255,6,0.152516349,25.56008378,33,28,137
E01004727,Westminster 008D,804440.289,201110.0723,4,0.710887533,397.0583855,165,49,349
E01004728,Westminster 003D,2096.066,2096.066,1,0.027837736,1.345356868,10,5,52
E01004730,Westminster 001D,201518.7354,50379.68385,4,0.449248366,120.5976873,21,18,98
E01004731,Westminster 020A,153034.1488,21862.02126,7,0.225486299,85.92596788,509,155,900
E01004733,Westminster 020C,69267.7176,6297.065236,11,0.152291393,33.85518944,417,304,1030
E01004734,Westminster 018A,31040.4841,6208.09682,5,0.09690834,15.7406106,3580,962,5897
E01004735,Westminster 018B,24658.0941,2465.80941,10,0.050617927,13.48173543,1491,282,2265
E01004736,Westminster 018C,363537.6282,36353.76282,10,0.304966544,208.4504749,2349,614,3917
E01004737,Westminster 024C,7000.9271,2333.642367,3,0.085131095,5.381189162,10,18,59
E01004738,Westminster 024D,15924.72,5308.24,3,0.185145096,11.78735751,30,25,113
E01004741,Westminster 024F,3068.3091,1022.7697,3,0.054031052,2.4102978,11,25,91
E01004743,Westminster 021B,5842.8405,5842.8405,1,0.121076797,4.185415831,30,26,88
E01004745,Westminster 021C,15844.9904,1584.49904,10,0.078206839,7.49526509,63,51,180
E01004747,Westminster 021E,710.348,710.348,1,0.006623501,0.317119643,65,113,291
E01004748,Westminster 020E,2234.4975,2234.4975,1,0.025326949,1.53997071,473,98,754
E01004750,Westminster 023E,3176.9523,1588.47615,2,0.01238212,1.79590294,362,117,690
E01004753,Westminster 022E,659.0309,659.0309,1,0.01106538,0.363502978,20,23,104
E01004760,Westminster 014E,1515.3724,1515.3724,1,0.021469363,0.929676319,32,35,155
E01004761,Westminster 018D,37268.5379,9317.134475,4,0.071771879,19.16120201,801,259,1727
E01004762,Westminster 011E,4253.4081,1417.8027,3,0.01425602,2.054786522,954,129,1461
E01004763,Westminster 013B,6272.6999,3136.34995,2,0.021307471,2.949083169,3935,636,5839
E01004765,Westminster 013D,6260.9956,6260.9956,1,0.023800878,3.094906377,1075,159,1710
E01032563,Bromley 040E,3474.6017,3474.6017,1,0.009109389,2.342954619,9,7,61
E01032572,Ealing 040D,50068.6675,12517.16688,4,0.222565362,31.78963016,33,21,131
E01032573,Hounslow 029E,32745.93,16372.965,2,0.146496979,20.2886803,176,58,428
E01032582,Lambeth 036E,9409.7504,2352.4376,4,0.029866192,4.970813735,557,183,1072
E01032638,Southwark 003G,515.4831,515.4831,1,0.012476252,0.444765401,8,8,44
E01032640,Southwark 003H,18.5208,18.5208,1,0.000414325,0.014840385,111,24,179
E01032646,Southwark 003I,2881.9952,2881.9952,1,0.023767466,1.836835692,144,39,270
E01032767,Tower Hamlets 021F,1282.8864,1282.8864,1,0.00959795,0.80990303,100,71,299
E01032768,Tower Hamlets 025E,27622.5467,13811.27335,2,0.395284238,21.1343127,22,16,70
E01032769,Tower Hamlets 025F,8236.4435,2745.481167,3,0.079415653,6.66918502,44,65,222
E01032771,Tower Hamlets 033B,18789.0535,4697.263375,4,0.053204439,17.0190702,367,135,657
E01032775,Tower Hamlets 031F,639.4735,639.4735,1,0.019385949,0.577142148,2,12,21
E01032776,Tower Hamlets 028E,1379.6834,1379.6834,1,0.016516587,1.282233643,9,44,99
E01032777,Tower Hamlets 028F,2898.4531,2898.4531,1,0.025625122,2.540274408,15,41,115
E01032778,Tower Hamlets 028G,39919.4898,9979.87245,4,0.130316695,36.0284204,29,45,180
E01032779,Tower Hamlets 028H,868.7228,868.7228,1,0.030712058,0.797725253,6,20,54
E01032780,Tower Hamlets 028I,2978.9813,1489.49065,2,0.008450082,2.234794674,25,21,115
E01032781,Tower Hamlets 033C,989.5303,989.5303,1,0.018200624,0.644645147,11,26,74
E01032783,Tower Hamlets 031G,3531.2846,1765.6423,2,0.043025917,2.553351121,6,20,59
E01032785,Tower Hamlets 010E,16998.1957,8499.09785,2,0.23357797,12.60993746,21,28,111
E01032790,Hammersmith and Fulham 023F,21153.1314,10576.5657,2,0.283301406,18.92051109,27,14,75
E01032803,Southwark 003J,3329.2186,3329.2186,1,0.054934134,2.50129121,26,18,103
E01032834,Southwark 003K,943.8138,943.8138,1,0.02805099,0.835233451,55,16,93
E01033093,Wandsworth 010F,103437.9149,25859.47873,4,0.369902294,67.7836926,37,44,186
E01033098,Wandsworth 002F,203361.8845,101680.9423,2,0.620170977,200.9504788,35,22,87
E01033101,Wandsworth 004F,2856.696,2856.696,1,0.022189028,2.39856927,80,40,196
E01033133,Wandsworth 004G,3002.3643,1501.18215,2,0.050942133,2.516650712,5,28,83
E01033208,Lambeth 004G,908.2522,908.2522,1,0.017088628,0.527134185,64,43,145
E01033325,Lewisham 008F,18412.2548,3682.45096,5,0.298335407,15.2798795,9,12,36
E01033463,Brent 003G,360.2497,360.2497,1,0.000843455,0.122575604,19,20,104
E01033492,Islington 011I,15680.8378,15680.8378,1,0.104621859,11.63266899,31,35,113
E01033494,Islington 006G,4477.45,4477.45,1,0.043167042,2.988951936,25,17,100
E01033568,Kingston upon Thames 004F,33115.2473,8278.811825,4,0.257026784,22.66615147,22,40,116
E01033570,Richmond upon Thames 004G,35027.6976,5003.9568,7,0.073579516,22.56939278,48,20,147
E01033571,Richmond upon Thames 004H,22778.9535,11389.47675,2,0.068042183,14.810763,9,25,90
E01033574,Newham 034F,67216.7598,67216.7598,1,0.492572603,61.38516877,29,19,103
E01033575,Newham 034G,59178.2934,59178.2934,1,0.396097687,57.96111009,25,26,108
E01033577,Newham 037E,73225.2877,14645.05754,5,0.111919603,49.17749342,37,41,154
E01033580,Newham 037F,715.5922,715.5922,1,0.00826169,0.470165703,12,8,62
E01033582,Newham 037H,51217.5961,25608.79805,2,0.303195039,37.0873252,6,17,66
E01033583,Newham 013G,331725.0254,36858.33616,9,0.209290822,107.6679732,2298,548,3786
E01033594,Westminster 015G,10655.1686,3551.722867,3,0.050889216,7.788865936,346,202,901
E01033595,Westminster 013E,6679.5775,1669.894375,4,0.012959997,5.684746809,5202,629,7119
E01033600,Westminster 007F,2665.8891,2665.8891,1,0.042544116,2.178013971,21,17,130
E01033606,Westminster 014F,1242.9893,1242.9893,1,0.045714139,1.163847659,7,10,57
E01033607,Westminster 014G,5818.5223,5818.5223,1,0.068833252,4.852812594,34,29,141
E01033704,Hackney 023F,83603.0343,83603.0343,1,0.378507926,51.258758,262,62,493
E01033706,Hackney 027F,5253.2123,5253.2123,1,0.039404034,3.413393307,548,211,1065
E01033708,Hackney 027G,4765.829,1588.609667,3,0.013395833,2.980505941,1025,360,2001
E01033724,Hillingdon 016F,47260.3212,9452.06424,5,0.05920987,9.580442165,38,79,259
E01033728,Greenwich 035C,1109.43,554.715,2,0.014721443,0.904918434,40,15,99
E01033733,Greenwich 036E,67004.1144,9572.016343,7,0.158839008,59.08652063,63,67,260
E01033736,Greenwich 004H,17912.2968,4478.0742,4,0.134399915,15.9220416,7,12,48